1292010756; 100; "  100,  0.99;  0.10;  0.50; WON   0.88"; 
1292010759; 101; "  101,  0.99;  0.10;  0.50; WON   0.90"; 
1292010762; 102; "  102,  0.99;  0.10;  0.50; WON   0.90"; 
1292010766; 103; "  103,  0.99;  0.10;  0.50; WON   0.89"; 
1292010769; 104; "  104,  0.99;  0.10;  0.50; WON   0.90"; 
1292010773; 105; "  105,  0.99;  0.10;  0.50; WON   0.90"; 
1292010776; 106; "  106,  0.99;  0.10;  0.50; WON   0.90"; 
1292010780; 107; "  107,  0.99;  0.10;  0.50; WON   0.90"; 
1292010783; 108; "  108,  0.99;  0.10;  0.50; WON   0.83"; 
1292010786; 109; "  109,  0.99;  0.10;  0.50; WON   0.91"; 
1292011170; 210; "  210,  0.99;  0.10;  0.50; LOST   0.10"; 
1292011174; 211; "  211,  0.99;  0.10;  0.50; WON   0.10"; 
1292011178; 212; "  212,  0.99;  0.10;  0.50; WON   0.10"; 
1292011357; 214; "  214,  0.99;  0.10;  0.50; WON   0.10"; 
1292011360; 215; "  215,  0.99;  0.10;  0.50; WON   0.10"; 
1292011364; 216; "  216,  0.99;  0.10;  0.50; WON   0.10"; 
1292011368; 217; "  217,  0.99;  0.10;  0.50; WON   0.10"; 
1292011372; 218; "  218,  0.99;  0.10;  0.50; WON   0.10"; 
1292011375; 219; "  219,  0.99;  0.10;  0.50; WON   0.10"; 
1292011741; 320; "  320,  0.99;  0.10;  0.50; LOST   0.25"; 
1292011744; 321; "  321,  0.99;  0.10;  0.50; LOST   0.10"; 
1292011750; 322; "  322,  0.99;  0.10;  0.50; LOST   1.00"; 
1292011753; 323; "  323,  0.99;  0.10;  0.50; LOST   0.10"; 
1292011758; 324; "  324,  0.99;  0.10;  0.50; LOST   0.70"; 
1292011763; 325; "  325,  0.99;  0.10;  0.50; LOST   0.85"; 
1292011767; 326; "  326,  0.99;  0.10;  0.50; LOST   0.85"; 
1292011772; 327; "  327,  0.99;  0.10;  0.50; LOST   0.85"; 
1292011776; 328; "  328,  0.99;  0.10;  0.50; LOST   0.85"; 
1292011781; 329; "  329,  0.99;  0.10;  0.50; LOST   1.00"; 
1292012209; 430; "  430,  0.99;  0.01;  0.50; LOST   0.85"; 
1292012213; 431; "  431,  0.99;  0.01;  0.50; WON   0.10"; 
1292012217; 432; "  432,  0.99;  0.01;  0.50; LOST   0.85"; 
1292012221; 433; "  433,  0.99;  0.01;  0.50; LOST   0.10"; 
1292012225; 434; "  434,  0.99;  0.01;  0.50; WON   0.10"; 
1292012229; 435; "  435,  0.99;  0.01;  0.50; LOST   0.85"; 
1292012233; 436; "  436,  0.99;  0.01;  0.50; WON   0.10"; 
1292012236; 437; "  437,  0.99;  0.01;  0.50; WON   0.10"; 
1292012241; 438; "  438,  0.99;  0.01;  0.50; LOST   0.85"; 
1292012245; 439; "  439,  0.99;  0.01;  0.50; WON   0.10"; 
1292012680; 540; "  540,  0.99;  0.01;  0.50; LOST   0.10"; 
1292012685; 541; "  541,  0.99;  0.01;  0.50; LOST   0.85"; 
1292012689; 542; "  542,  0.99;  0.01;  0.50; LOST   0.70"; 
1292012693; 543; "  543,  0.99;  0.01;  0.50; WON   0.10"; 
1292012698; 544; "  544,  0.99;  0.01;  0.50; LOST   0.85"; 
1292012702; 545; "  545,  0.99;  0.01;  0.50; WON   0.10"; 
1292012707; 546; "  546,  0.99;  0.01;  0.50; LOST   0.85"; 
1292012711; 547; "  547,  0.99;  0.01;  0.50; LOST   1.00"; 
1292012719; 548; "  548,  0.99;  0.01;  0.50; LOST   1.00"; 
1292012724; 549; "  549,  0.99;  0.01;  0.50; LOST   1.00"; 
1292013154; 650; "  650,  0.99;  0.01;  0.50; LOST   0.25"; 
1292013157; 651; "  651,  0.99;  0.01;  0.50; LOST   0.40"; 
1292013166; 652; "  652,  0.99;  0.01;  0.50; LOST   1.00"; 
1292013171; 653; "  653,  0.99;  0.01;  0.50; LOST   1.00"; 
1292013176; 654; "  654,  0.99;  0.01;  0.50; LOST   0.85"; 
1292013179; 655; "  655,  0.99;  0.01;  0.50; WON   0.10"; 
1292013185; 656; "  656,  0.99;  0.01;  0.50; LOST   0.70"; 
1292013190; 657; "  657,  0.99;  0.01;  0.50; LOST   1.00"; 
1292013194; 658; "  658,  0.99;  0.01;  0.50; LOST   1.00"; 
1292013200; 659; "  659,  0.99;  0.01;  0.50; LOST   0.85"; 
1292013914; 760; "  760,  0.99;  0.01;  0.20; LOST  -0.55"; 
1292013919; 761; "  761,  0.99;  0.01;  0.20; LOST  -0.85"; 
1292013922; 762; "  762,  0.99;  0.01;  0.20; WON   0.10"; 
1292013926; 763; "  763,  0.99;  0.01;  0.20; LOST  -0.10"; 
1292013930; 764; "  764,  0.99;  0.01;  0.20; LOST  -0.85"; 
1292013934; 765; "  765,  0.99;  0.01;  0.20; LOST  -0.55"; 
1292013938; 766; "  766,  0.99;  0.01;  0.20; LOST  -0.10"; 
1292013943; 767; "  767,  0.99;  0.01;  0.20; LOST  -0.85"; 
1292013946; 768; "  768,  0.99;  0.01;  0.20; LOST  -0.25"; 
1292013950; 769; "  769,  0.99;  0.01;  0.20; LOST   0.00"; 
1292014356; 870; "  870,  0.99;  0.01;  0.20; LOST  -0.10"; 
1292014361; 871; "  871,  0.99;  0.01;  0.20; LOST  -0.70"; 
1292014366; 872; "  872,  0.99;  0.01;  0.20; LOST  -0.85"; 
1292014371; 873; "  873,  0.99;  0.01;  0.20; LOST  -1.00"; 
1292014375; 874; "  874,  0.99;  0.01;  0.20; LOST  -1.00"; 
1292014379; 875; "  875,  0.99;  0.01;  0.20; LOST  -0.25"; 
1292014383; 876; "  876,  0.99;  0.01;  0.20; WON   0.10"; 
1292014387; 877; "  877,  0.99;  0.01;  0.20; LOST  -1.00"; 
1292014391; 878; "  878,  0.99;  0.01;  0.20; LOST  -0.40"; 
1292014396; 879; "  879,  0.99;  0.01;  0.20; LOST  -1.00"; 
1292014813; 980; "  980,  0.99;  0.01;  0.20; LOST  -0.10"; 
1292014818; 981; "  981,  0.99;  0.01;  0.20; LOST  -0.10"; 
1292014823; 982; "  982,  0.99;  0.01;  0.20; LOST  -1.00"; 
1292014829; 983; "  983,  0.99;  0.01;  0.20; LOST  -1.00"; 
1292014832; 984; "  984,  0.99;  0.01;  0.20; LOST   0.00"; 
1292014837; 985; "  985,  0.99;  0.01;  0.20; LOST  -0.85"; 
1292014840; 986; "  986,  0.99;  0.01;  0.20; WON   0.10"; 
1292014844; 987; "  987,  0.99;  0.01;  0.20; WON   0.10"; 
1292014847; 988; "  988,  0.99;  0.01;  0.20; WON   0.10"; 
1292014852; 989; "  989,  0.99;  0.01;  0.20; LOST  -0.85"; 
1292018108; 1750; " 1750,  0.99;  0.01;  0.20; LOST  -1.00"; 
1292018113; 1751; " 1751,  0.99;  0.01;  0.20; LOST  -0.85"; 
1292018118; 1752; " 1752,  0.99;  0.01;  0.20; LOST  -1.00"; 
1292018123; 1753; " 1753,  0.99;  0.01;  0.20; LOST  -0.85"; 
1292018126; 1754; " 1754,  0.99;  0.01;  0.20; WON   0.10"; 
1292018130; 1755; " 1755,  0.99;  0.01;  0.20; LOST  -0.70"; 
1292018134; 1756; " 1756,  0.99;  0.01;  0.20; LOST  -0.10"; 
1292018140; 1757; " 1757,  0.99;  0.01;  0.20; LOST  -1.00"; 
1292018145; 1758; " 1758,  0.99;  0.01;  0.20; LOST  -0.85"; 
1292018154; 1759; " 1759,  0.99;  0.01;  0.20; LOST  -1.00"; 
1292018583; 1860; " 1860,  0.99;  0.01;  0.20; LOST  -0.85"; 
1292018587; 1861; " 1861,  0.99;  0.01;  0.20; WON   0.25"; 
1292018592; 1862; " 1862,  0.99;  0.01;  0.20; LOST  -0.70"; 
1292018596; 1863; " 1863,  0.99;  0.01;  0.20; LOST  -0.10"; 
1292018600; 1864; " 1864,  0.99;  0.01;  0.20; LOST  -0.10"; 
1292018605; 1865; " 1865,  0.99;  0.01;  0.20; LOST  -0.70"; 
1292018609; 1866; " 1866,  0.99;  0.01;  0.20; LOST  -1.00"; 
1292018613; 1867; " 1867,  0.99;  0.01;  0.20; WON   0.10"; 
1292018618; 1868; " 1868,  0.99;  0.01;  0.20; LOST  -1.00"; 
1292018622; 1869; " 1869,  0.99;  0.01;  0.20; WON   0.10"; 
1292019052; 1970; " 1970,  0.99;  0.01;  0.20; LOST  -0.70"; 
1292019056; 1971; " 1971,  0.99;  0.01;  0.20; LOST  -0.70"; 
1292019060; 1972; " 1972,  0.99;  0.01;  0.20; WON   0.10"; 
1292019063; 1973; " 1973,  0.99;  0.01;  0.20; WON   0.10"; 
1292019067; 1974; " 1974,  0.99;  0.01;  0.20; LOST  -0.10"; 
1292019071; 1975; " 1975,  0.99;  0.01;  0.20; LOST  -0.10"; 
1292019076; 1976; " 1976,  0.99;  0.01;  0.20; LOST  -1.00"; 
1292019080; 1977; " 1977,  0.99;  0.01;  0.20; WON   0.10"; 
1292019084; 1978; " 1978,  0.99;  0.01;  0.20; LOST  -0.10"; 
1292019088; 1979; " 1979,  0.99;  0.01;  0.20; LOST   0.00"; 
1292019505; 2080; " 2080,  0.99;  0.01;  0.20; LOST  -1.00"; 
1292019509; 2081; " 2081,  0.99;  0.01;  0.20; WON   0.10"; 
1292019512; 2082; " 2082,  0.99;  0.01;  0.20; LOST  -0.40"; 
1292019516; 2083; " 2083,  0.99;  0.01;  0.20; LOST  -0.25"; 
1292019521; 2084; " 2084,  0.99;  0.01;  0.20; LOST  -1.00"; 
1292019525; 2085; " 2085,  0.99;  0.01;  0.20; LOST  -0.10"; 
1292019530; 2086; " 2086,  0.99;  0.01;  0.20; LOST  -1.00"; 
1292019533; 2087; " 2087,  0.99;  0.01;  0.20; WON   0.10"; 
1292019538; 2088; " 2088,  0.99;  0.01;  0.20; LOST  -0.85"; 
1292019543; 2089; " 2089,  0.99;  0.01;  0.20; LOST  -1.00"; 
1292019993; 2190; " 2190,  0.99;  0.01;  0.20; LOST  -1.00"; 
1292019997; 2191; " 2191,  0.99;  0.01;  0.20; WON   0.10"; 
1292020003; 2192; " 2192,  0.99;  0.01;  0.20; LOST  -1.00"; 
1292020008; 2193; " 2193,  0.99;  0.01;  0.20; LOST  -0.70"; 
1292020013; 2194; " 2194,  0.99;  0.01;  0.20; LOST  -1.00"; 
1292020016; 2195; " 2195,  0.99;  0.01;  0.20; LOST  -0.10"; 
1292020021; 2196; " 2196,  0.99;  0.01;  0.20; LOST  -0.55"; 
1292020025; 2197; " 2197,  0.99;  0.01;  0.20; WON   0.10"; 
1292020028; 2198; " 2198,  0.99;  0.01;  0.20; LOST  -0.40"; 
1292020037; 2199; " 2199,  0.99;  0.01;  0.20; LOST  -1.00"; 
1292020475; 2300; " 2300,  0.99;  0.01;  0.20; LOST  -0.25"; 
1292020479; 2301; " 2301,  0.99;  0.01;  0.20; WON   0.10"; 
1292020484; 2302; " 2302,  0.99;  0.01;  0.20; LOST  -0.85"; 
1292020488; 2303; " 2303,  0.99;  0.01;  0.20; WON   0.10"; 
1292020491; 2304; " 2304,  0.99;  0.01;  0.20; WON   0.10"; 
1292020496; 2305; " 2305,  0.99;  0.01;  0.20; LOST  -1.00"; 
1292020500; 2306; " 2306,  0.99;  0.01;  0.20; LOST  -0.40"; 
1292020504; 2307; " 2307,  0.99;  0.01;  0.20; LOST  -0.10"; 
1292020509; 2308; " 2308,  0.99;  0.01;  0.20; LOST  -1.00"; 
1292020518; 2309; " 2309,  0.99;  0.01;  0.20; LOST  -1.00"; 
1292020936; 2410; " 2410,  0.99;  0.01;  0.20; LOST  -0.10"; 
1292020940; 2411; " 2411,  0.99;  0.01;  0.20; LOST  -0.55"; 
1292020945; 2412; " 2412,  0.99;  0.01;  0.20; LOST  -1.00"; 
1292020948; 2413; " 2413,  0.99;  0.01;  0.20; WON   0.10"; 
1292020953; 2414; " 2414,  0.99;  0.01;  0.20; LOST  -1.00"; 
1292020957; 2415; " 2415,  0.99;  0.01;  0.20; WON   0.10"; 
1292020962; 2416; " 2416,  0.99;  0.01;  0.20; LOST  -1.00"; 
1292020967; 2417; " 2417,  0.99;  0.01;  0.20; LOST  -0.10"; 
1292020971; 2418; " 2418,  0.99;  0.01;  0.20; LOST  -1.00"; 
1292020975; 2419; " 2419,  0.99;  0.01;  0.20; LOST  -0.25"; 
1292021384; 2520; " 2520,  0.99;  0.01;  0.20; LOST  -0.55"; 
1292021388; 2521; " 2521,  0.99;  0.01;  0.20; LOST  -0.85"; 
1292021394; 2522; " 2522,  0.99;  0.01;  0.20; LOST  -0.85"; 
1292021399; 2523; " 2523,  0.99;  0.01;  0.20; LOST  -0.85"; 
1292021405; 2524; " 2524,  0.99;  0.01;  0.20; LOST  -0.85"; 
1292021409; 2525; " 2525,  0.99;  0.01;  0.20; LOST  -0.10"; 
1292021412; 2526; " 2526,  0.99;  0.01;  0.20; LOST  -0.10"; 
1292021417; 2527; " 2527,  0.99;  0.01;  0.20; LOST  -1.00"; 
1292021421; 2528; " 2528,  0.99;  0.01;  0.20; LOST  -1.00"; 
1292021425; 2529; " 2529,  0.99;  0.01;  0.20; WON   0.10"; 
1292021832; 2630; " 2630,  0.99;  0.01;  0.20; LOST  -1.00"; 
1292021837; 2631; " 2631,  0.99;  0.01;  0.20; LOST  -0.70"; 
1292021840; 2632; " 2632,  0.99;  0.01;  0.20; LOST  -0.10"; 
1292021844; 2633; " 2633,  0.99;  0.01;  0.20; WON   0.10"; 
1292021848; 2634; " 2634,  0.99;  0.01;  0.20; LOST  -0.85"; 
1292021852; 2635; " 2635,  0.99;  0.01;  0.20; WON   0.10"; 
1292021856; 2636; " 2636,  0.99;  0.01;  0.20; LOST  -0.25"; 
1292021859; 2637; " 2637,  0.99;  0.01;  0.20; LOST  -0.25"; 
1292021864; 2638; " 2638,  0.99;  0.01;  0.20; LOST  -1.00"; 
1292021868; 2639; " 2639,  0.99;  0.01;  0.20; LOST  -0.40"; 
1292022275; 2740; " 2740,  0.99;  0.01;  0.20; LOST  -1.00"; 
1292022278; 2741; " 2741,  0.99;  0.01;  0.20; WON   0.10"; 
1292022283; 2742; " 2742,  0.99;  0.01;  0.20; LOST  -1.00"; 
1292022287; 2743; " 2743,  0.99;  0.01;  0.20; WON   0.10"; 
1292022291; 2744; " 2744,  0.99;  0.01;  0.20; LOST  -0.85"; 
1292022295; 2745; " 2745,  0.99;  0.01;  0.20; WON   0.10"; 
1292022298; 2746; " 2746,  0.99;  0.01;  0.20; LOST  -0.10"; 
1292022302; 2747; " 2747,  0.99;  0.01;  0.20; WON   0.10"; 
1292022306; 2748; " 2748,  0.99;  0.01;  0.20; WON   0.10"; 
1292022309; 2749; " 2749,  0.99;  0.01;  0.20; LOST  -0.25"; 
1292022715; 2850; " 2850,  0.99;  0.01;  0.20; LOST  -0.85"; 
1292022720; 2851; " 2851,  0.99;  0.01;  0.20; LOST  -0.85"; 
1292022724; 2852; " 2852,  0.99;  0.01;  0.20; LOST  -1.00"; 
1292022729; 2853; " 2853,  0.99;  0.01;  0.20; LOST  -1.00"; 
1292022737; 2854; " 2854,  0.99;  0.01;  0.20; LOST  -1.00"; 
1292022741; 2855; " 2855,  0.99;  0.01;  0.20; LOST  -1.00"; 
1292022745; 2856; " 2856,  0.99;  0.01;  0.20; WON   0.10"; 
1292022750; 2857; " 2857,  0.99;  0.01;  0.20; LOST  -1.00"; 
1292022754; 2858; " 2858,  0.99;  0.01;  0.20; LOST  -1.00"; 
1292022758; 2859; " 2859,  0.99;  0.01;  0.20; LOST   0.00"; 
1292023170; 2960; " 2960,  0.99;  0.01;  0.20; LOST  -1.00"; 
1292023178; 2961; " 2961,  0.99;  0.01;  0.20; LOST  -1.00"; 
1292023182; 2962; " 2962,  0.99;  0.01;  0.20; LOST  -1.00"; 
1292023187; 2963; " 2963,  0.99;  0.01;  0.20; LOST  -1.00"; 
1292023192; 2964; " 2964,  0.99;  0.01;  0.20; LOST  -0.85"; 
1292023196; 2965; " 2965,  0.99;  0.01;  0.20; LOST  -0.25"; 
1292023201; 2966; " 2966,  0.99;  0.01;  0.20; LOST  -0.70"; 
1292023204; 2967; " 2967,  0.99;  0.01;  0.20; LOST  -0.10"; 
1292023208; 2968; " 2968,  0.99;  0.01;  0.20; LOST  -0.25"; 
1292023211; 2969; " 2969,  0.99;  0.01;  0.20; WON   0.10"; 
1292023623; 3070; " 3070,  0.99;  0.01;  0.20; WON   0.10"; 
1292023630; 3071; " 3071,  0.99;  0.01;  0.20; LOST  -1.00"; 
1292023635; 3072; " 3072,  0.99;  0.01;  0.20; LOST  -1.00"; 
1292023638; 3073; " 3073,  0.99;  0.01;  0.20; LOST  -0.25"; 
1292023643; 3074; " 3074,  0.99;  0.01;  0.20; LOST  -1.00"; 
1292023648; 3075; " 3075,  0.99;  0.01;  0.20; LOST  -0.70"; 
1292023652; 3076; " 3076,  0.99;  0.01;  0.20; LOST  -0.85"; 
1292023655; 3077; " 3077,  0.99;  0.01;  0.20; WON   0.10"; 
1292023659; 3078; " 3078,  0.99;  0.01;  0.20; LOST  -0.10"; 
1292023663; 3079; " 3079,  0.99;  0.01;  0.20; LOST  -0.25"; 
1292024072; 3180; " 3180,  0.99;  0.01;  0.20; WON   0.10"; 
1292024076; 3181; " 3181,  0.99;  0.01;  0.20; LOST  -0.40"; 
1292024082; 3182; " 3182,  0.99;  0.01;  0.20; LOST  -1.00"; 
1292024085; 3183; " 3183,  0.99;  0.01;  0.20; LOST  -0.25"; 
1292024089; 3184; " 3184,  0.99;  0.01;  0.20; LOST  -0.40"; 
1292024092; 3185; " 3185,  0.99;  0.01;  0.20; LOST  -0.25"; 
1292024096; 3186; " 3186,  0.99;  0.01;  0.20; LOST  -0.25"; 
1292024099; 3187; " 3187,  0.99;  0.01;  0.20; LOST  -0.10"; 
1292024105; 3188; " 3188,  0.99;  0.01;  0.20; LOST  -1.00"; 
1292024108; 3189; " 3189,  0.99;  0.01;  0.20; LOST  -0.10"; 
1292024514; 3290; " 3290,  0.99;  0.01;  0.20; LOST  -0.70"; 
1292024517; 3291; " 3291,  0.99;  0.01;  0.20; WON   0.10"; 
1292024521; 3292; " 3292,  0.99;  0.01;  0.20; LOST   0.00"; 
1292024524; 3293; " 3293,  0.99;  0.01;  0.20; LOST  -0.55"; 
1292024529; 3294; " 3294,  0.99;  0.01;  0.20; LOST  -0.85"; 
1292024532; 3295; " 3295,  0.99;  0.01;  0.20; LOST  -0.40"; 
1292024539; 3296; " 3296,  0.99;  0.01;  0.20; LOST  -1.00"; 
1292024543; 3297; " 3297,  0.99;  0.01;  0.20; WON   0.10"; 
1292024547; 3298; " 3298,  0.99;  0.01;  0.20; LOST  -0.10"; 
1292024551; 3299; " 3299,  0.99;  0.01;  0.20; LOST  -0.10"; 
1292024953; 3400; " 3400,  0.99;  0.01;  0.20; WON   0.10"; 
1292024958; 3401; " 3401,  0.99;  0.01;  0.20; LOST  -1.00"; 
1292024961; 3402; " 3402,  0.99;  0.01;  0.20; WON   0.10"; 
1292024965; 3403; " 3403,  0.99;  0.01;  0.20; WON   0.10"; 
1292024969; 3404; " 3404,  0.99;  0.01;  0.20; LOST  -0.25"; 
1292024974; 3405; " 3405,  0.99;  0.01;  0.20; LOST  -0.85"; 
1292024978; 3406; " 3406,  0.99;  0.01;  0.20; WON   0.10"; 
1292024982; 3407; " 3407,  0.99;  0.01;  0.20; LOST  -1.00"; 
1292024986; 3408; " 3408,  0.99;  0.01;  0.20; LOST  -0.25"; 
1292024990; 3409; " 3409,  0.99;  0.01;  0.20; LOST  -1.00"; 
1292025397; 3510; " 3510,  0.99;  0.01;  0.20; LOST  -1.00"; 
1292025403; 3511; " 3511,  0.99;  0.01;  0.20; LOST  -1.00"; 
1292025407; 3512; " 3512,  0.99;  0.01;  0.20; LOST  -0.85"; 
1292025410; 3513; " 3513,  0.99;  0.01;  0.20; WON   0.10"; 
1292025415; 3514; " 3514,  0.99;  0.01;  0.20; LOST  -1.00"; 
1292025418; 3515; " 3515,  0.99;  0.01;  0.20; LOST  -0.10"; 
1292025426; 3516; " 3516,  0.99;  0.01;  0.20; LOST  -1.00"; 
1292025430; 3517; " 3517,  0.99;  0.01;  0.20; LOST  -0.10"; 
1292025438; 3518; " 3518,  0.99;  0.01;  0.20; LOST  -1.00"; 
1292025442; 3519; " 3519,  0.99;  0.01;  0.20; LOST  -1.00"; 
1292025847; 3620; " 3620,  0.99;  0.01;  0.20; LOST  -0.55"; 
1292025851; 3621; " 3621,  0.99;  0.01;  0.20; LOST  -1.00"; 
1292025855; 3622; " 3622,  0.99;  0.01;  0.20; LOST  -0.10"; 
1292025859; 3623; " 3623,  0.99;  0.01;  0.20; LOST  -1.00"; 
1292025863; 3624; " 3624,  0.99;  0.01;  0.20; WON   0.10"; 
1292025868; 3625; " 3625,  0.99;  0.01;  0.20; LOST  -1.00"; 
1292025872; 3626; " 3626,  0.99;  0.01;  0.20; LOST  -0.25"; 
1292025875; 3627; " 3627,  0.99;  0.01;  0.20; WON   0.10"; 
1292025879; 3628; " 3628,  0.99;  0.01;  0.20; WON   0.10"; 
1292025883; 3629; " 3629,  0.99;  0.01;  0.20; LOST  -1.00"; 
1292026280; 3730; " 3730,  0.99;  0.01;  0.20; WON   0.10"; 
1292026284; 3731; " 3731,  0.99;  0.01;  0.20; LOST  -0.40"; 
1292026287; 3732; " 3732,  0.99;  0.01;  0.20; WON   0.10"; 
1292026292; 3733; " 3733,  0.99;  0.01;  0.20; LOST  -1.00"; 
1292026295; 3734; " 3734,  0.99;  0.01;  0.20; WON   0.10"; 
1292026300; 3735; " 3735,  0.99;  0.01;  0.20; LOST  -1.00"; 
1292026303; 3736; " 3736,  0.99;  0.01;  0.20; WON   0.10"; 
1292026308; 3737; " 3737,  0.99;  0.01;  0.20; LOST  -1.00"; 
1292026312; 3738; " 3738,  0.99;  0.01;  0.20; LOST  -0.10"; 
1292026315; 3739; " 3739,  0.99;  0.01;  0.20; LOST  -0.10"; 
1292026710; 3840; " 3840,  0.99;  0.01;  0.20; LOST  -1.00"; 
1292026713; 3841; " 3841,  0.99;  0.01;  0.20; LOST  -0.10"; 
1292026717; 3842; " 3842,  0.99;  0.01;  0.20; LOST  -0.25"; 
1292026720; 3843; " 3843,  0.99;  0.01;  0.20; WON   0.10"; 
1292026725; 3844; " 3844,  0.99;  0.01;  0.20; LOST  -1.00"; 
1292026729; 3845; " 3845,  0.99;  0.01;  0.20; WON   0.10"; 
1292026733; 3846; " 3846,  0.99;  0.01;  0.20; LOST  -0.10"; 
1292026736; 3847; " 3847,  0.99;  0.01;  0.20; WON   0.10"; 
1292026741; 3848; " 3848,  0.99;  0.01;  0.20; WON   0.10"; 
1292026744; 3849; " 3849,  0.99;  0.01;  0.20; LOST  -0.55"; 
1292027144; 3950; " 3950,  0.99;  0.01;  0.20; LOST  -1.00"; 
1292027149; 3951; " 3951,  0.99;  0.01;  0.20; LOST  -1.00"; 
1292027155; 3952; " 3952,  0.99;  0.01;  0.20; LOST  -1.00"; 
1292027159; 3953; " 3953,  0.99;  0.01;  0.20; WON   0.10"; 
1292027163; 3954; " 3954,  0.99;  0.01;  0.20; WON   0.10"; 
1292027166; 3955; " 3955,  0.99;  0.01;  0.20; WON   0.10"; 
1292027170; 3956; " 3956,  0.99;  0.01;  0.20; WON   0.10"; 
1292027174; 3957; " 3957,  0.99;  0.01;  0.20; LOST  -1.00"; 
1292027178; 3958; " 3958,  0.99;  0.01;  0.20; WON   0.10"; 
1292027181; 3959; " 3959,  0.99;  0.01;  0.20; WON   0.10"; 
1292027590; 4060; " 4060,  0.99;  0.01;  0.20; WON   0.10"; 
1292027594; 4061; " 4061,  0.99;  0.01;  0.20; WON   0.10"; 
1292027597; 4062; " 4062,  0.99;  0.01;  0.20; LOST  -0.10"; 
1292027603; 4063; " 4063,  0.99;  0.01;  0.20; LOST  -1.00"; 
1292027607; 4064; " 4064,  0.99;  0.01;  0.20; LOST  -0.85"; 
1292027610; 4065; " 4065,  0.99;  0.01;  0.20; LOST  -0.10"; 
1292027614; 4066; " 4066,  0.99;  0.01;  0.20; WON   0.10"; 
1292027617; 4067; " 4067,  0.99;  0.01;  0.20; WON   0.10"; 
1292027621; 4068; " 4068,  0.99;  0.01;  0.20; LOST  -0.10"; 
1292027625; 4069; " 4069,  0.99;  0.01;  0.20; LOST  -1.00"; 
1292028023; 4170; " 4170,  0.99;  0.01;  0.20; LOST  -0.10"; 
1292028026; 4171; " 4171,  0.99;  0.01;  0.20; WON   0.10"; 
1292028032; 4172; " 4172,  0.99;  0.01;  0.20; LOST  -1.00"; 
1292028035; 4173; " 4173,  0.99;  0.01;  0.20; WON   0.10"; 
1292028039; 4174; " 4174,  0.99;  0.01;  0.20; LOST  -0.25"; 
1292028043; 4175; " 4175,  0.99;  0.01;  0.20; LOST  -0.85"; 
1292028047; 4176; " 4176,  0.99;  0.01;  0.20; WON   0.10"; 
1292028051; 4177; " 4177,  0.99;  0.01;  0.20; LOST  -0.10"; 
1292028058; 4178; " 4178,  0.99;  0.01;  0.20; LOST  -1.00"; 
1292028063; 4179; " 4179,  0.99;  0.01;  0.20; LOST  -1.00"; 
1292028463; 4280; " 4280,  0.99;  0.01;  0.20; LOST  -0.10"; 
1292028466; 4281; " 4281,  0.99;  0.01;  0.20; WON   0.10"; 
1292028470; 4282; " 4282,  0.99;  0.01;  0.20; WON   0.10"; 
1292028473; 4283; " 4283,  0.99;  0.01;  0.20; WON   0.10"; 
1292028477; 4284; " 4284,  0.99;  0.01;  0.20; WON   0.10"; 
1292028480; 4285; " 4285,  0.99;  0.01;  0.20; LOST  -0.25"; 
1292028484; 4286; " 4286,  0.99;  0.01;  0.20; LOST  -0.10"; 
1292028487; 4287; " 4287,  0.99;  0.01;  0.20; WON   0.10"; 
1292028495; 4288; " 4288,  0.99;  0.01;  0.20; LOST  -1.00"; 
1292028500; 4289; " 4289,  0.99;  0.01;  0.20; LOST  -1.00"; 
1292028894; 4390; " 4390,  0.99;  0.01;  0.20; LOST  -1.00"; 
1292028898; 4391; " 4391,  0.99;  0.01;  0.20; LOST  -1.00"; 
1292028902; 4392; " 4392,  0.99;  0.01;  0.20; LOST  -0.25"; 
1292028906; 4393; " 4393,  0.99;  0.01;  0.20; LOST  -0.10"; 
1292028909; 4394; " 4394,  0.99;  0.01;  0.20; WON   0.10"; 
1292028913; 4395; " 4395,  0.99;  0.01;  0.20; WON   0.10"; 
1292028918; 4396; " 4396,  0.99;  0.01;  0.20; LOST  -1.00"; 
1292028921; 4397; " 4397,  0.99;  0.01;  0.20; LOST  -0.10"; 
1292028925; 4398; " 4398,  0.99;  0.01;  0.20; LOST  -0.10"; 
1292028929; 4399; " 4399,  0.99;  0.01;  0.20; LOST  -1.00"; 
1292029321; 4500; " 4500,  0.99;  0.01;  0.20; LOST  -1.00"; 
1292029325; 4501; " 4501,  0.99;  0.01;  0.20; WON   0.10"; 
1292029329; 4502; " 4502,  0.99;  0.01;  0.20; WON   0.10"; 
1292029332; 4503; " 4503,  0.99;  0.01;  0.20; LOST  -0.10"; 
1292029337; 4504; " 4504,  0.99;  0.01;  0.20; LOST  -1.00"; 
1292029341; 4505; " 4505,  0.99;  0.01;  0.20; LOST  -0.25"; 
1292029344; 4506; " 4506,  0.99;  0.01;  0.20; LOST  -0.25"; 
1292029348; 4507; " 4507,  0.99;  0.01;  0.20; LOST  -0.10"; 
1292029356; 4508; " 4508,  0.99;  0.01;  0.20; LOST  -1.00"; 
1292029360; 4509; " 4509,  0.99;  0.01;  0.20; WON   0.10"; 
1292029765; 4610; " 4610,  0.99;  0.01;  0.20; LOST  -0.10"; 
1292029770; 4611; " 4611,  0.99;  0.01;  0.20; LOST  -1.00"; 
1292029774; 4612; " 4612,  0.99;  0.01;  0.20; LOST  -0.85"; 
1292029778; 4613; " 4613,  0.99;  0.01;  0.20; LOST  -0.85"; 
1292029782; 4614; " 4614,  0.99;  0.01;  0.20; WON   0.10"; 
1292029790; 4615; " 4615,  0.99;  0.01;  0.20; LOST  -1.00"; 
1292029794; 4616; " 4616,  0.99;  0.01;  0.20; LOST  -1.00"; 
1292029798; 4617; " 4617,  0.99;  0.01;  0.20; WON   0.10"; 
1292029806; 4618; " 4618,  0.99;  0.01;  0.20; LOST  -1.00"; 
1292029811; 4619; " 4619,  0.99;  0.01;  0.20; LOST  -0.85"; 
1292030214; 4720; " 4720,  0.99;  0.01;  0.20; LOST  -0.55"; 
1292030219; 4721; " 4721,  0.99;  0.01;  0.20; LOST  -1.00"; 
1292030223; 4722; " 4722,  0.99;  0.01;  0.20; LOST  -1.00"; 
1292030227; 4723; " 4723,  0.99;  0.01;  0.20; LOST  -0.25"; 
1292030232; 4724; " 4724,  0.99;  0.01;  0.20; LOST  -1.00"; 
1292030236; 4725; " 4725,  0.99;  0.01;  0.20; WON   0.10"; 
1292030239; 4726; " 4726,  0.99;  0.01;  0.20; LOST  -0.40"; 
1292030243; 4727; " 4727,  0.99;  0.01;  0.20; WON   0.10"; 
1292030251; 4728; " 4728,  0.99;  0.01;  0.20; LOST  -1.00"; 
1292030255; 4729; " 4729,  0.99;  0.01;  0.20; LOST  -1.00"; 
1292030661; 4830; " 4830,  0.99;  0.01;  0.20; WON   0.10"; 
1292030665; 4831; " 4831,  0.99;  0.01;  0.20; WON   0.10"; 
1292030668; 4832; " 4832,  0.99;  0.01;  0.20; LOST  -0.10"; 
1292030672; 4833; " 4833,  0.99;  0.01;  0.20; WON   0.10"; 
1292030675; 4834; " 4834,  0.99;  0.01;  0.20; LOST  -0.10"; 
1292030680; 4835; " 4835,  0.99;  0.01;  0.20; LOST  -1.00"; 
1292030683; 4836; " 4836,  0.99;  0.01;  0.20; WON   0.10"; 
1292030688; 4837; " 4837,  0.99;  0.01;  0.20; LOST  -1.00"; 
1292030691; 4838; " 4838,  0.99;  0.01;  0.20; LOST  -0.25"; 
1292030696; 4839; " 4839,  0.99;  0.01;  0.20; LOST  -0.85"; 
1292031093; 4940; " 4940,  0.99;  0.01;  0.20; WON   0.10"; 
1292031100; 4941; " 4941,  0.99;  0.01;  0.20; LOST  -1.00"; 
1292031106; 4942; " 4942,  0.99;  0.01;  0.20; LOST  -1.00"; 
1292031109; 4943; " 4943,  0.99;  0.01;  0.20; LOST  -0.25"; 
1292031113; 4944; " 4944,  0.99;  0.01;  0.20; LOST  -0.40"; 
1292031116; 4945; " 4945,  0.99;  0.01;  0.20; LOST  -0.55"; 
1292031124; 4946; " 4946,  0.99;  0.01;  0.20; LOST  -1.00"; 
1292031129; 4947; " 4947,  0.99;  0.01;  0.20; LOST  -1.00"; 
1292031132; 4948; " 4948,  0.99;  0.01;  0.20; LOST  -0.25"; 
1292031136; 4949; " 4949,  0.99;  0.01;  0.20; LOST  -0.25"; 
1292031533; 5050; " 5050,  0.99;  0.01;  0.20; WON   0.10"; 
1292031536; 5051; " 5051,  0.99;  0.01;  0.20; WON   0.10"; 
1292031541; 5052; " 5052,  0.99;  0.01;  0.20; LOST  -1.00"; 
1292031545; 5053; " 5053,  0.99;  0.01;  0.20; LOST  -1.00"; 
1292031549; 5054; " 5054,  0.99;  0.01;  0.20; WON   0.10"; 
1292031557; 5055; " 5055,  0.99;  0.01;  0.20; LOST  -1.00"; 
1292031561; 5056; " 5056,  0.99;  0.01;  0.20; WON   0.10"; 
1292031564; 5057; " 5057,  0.99;  0.01;  0.20; LOST  -0.25"; 
1292031569; 5058; " 5058,  0.99;  0.01;  0.20; LOST  -0.85"; 
1292031572; 5059; " 5059,  0.99;  0.01;  0.20; LOST  -0.55"; 
1292031966; 5160; " 5160,  0.99;  0.01;  0.20; LOST  -1.00"; 
1292031969; 5161; " 5161,  0.99;  0.01;  0.20; WON   0.10"; 
1292031974; 5162; " 5162,  0.99;  0.01;  0.20; LOST  -1.00"; 
1292031978; 5163; " 5163,  0.99;  0.01;  0.20; LOST  -0.70"; 
1292031982; 5164; " 5164,  0.99;  0.01;  0.20; LOST  -0.70"; 
1292031986; 5165; " 5165,  0.99;  0.01;  0.20; LOST  -0.40"; 
1292031990; 5166; " 5166,  0.99;  0.01;  0.20; LOST  -1.00"; 
1292031994; 5167; " 5167,  0.99;  0.01;  0.20; LOST  -0.25"; 
1292031999; 5168; " 5168,  0.99;  0.01;  0.20; LOST  -1.00"; 
1292032002; 5169; " 5169,  0.99;  0.01;  0.20; LOST  -0.25"; 
1292032400; 5270; " 5270,  0.99;  0.01;  0.20; LOST  -0.10"; 
1292032403; 5271; " 5271,  0.99;  0.01;  0.20; WON   0.10"; 
1292032407; 5272; " 5272,  0.99;  0.01;  0.20; WON   0.10"; 
1292032410; 5273; " 5273,  0.99;  0.01;  0.20; LOST  -0.55"; 
1292032416; 5274; " 5274,  0.99;  0.01;  0.20; LOST  -1.00"; 
1292032419; 5275; " 5275,  0.99;  0.01;  0.20; WON   0.10"; 
1292032423; 5276; " 5276,  0.99;  0.01;  0.20; WON   0.10"; 
1292032426; 5277; " 5277,  0.99;  0.01;  0.20; WON   0.10"; 
1292032431; 5278; " 5278,  0.99;  0.01;  0.20; LOST  -1.00"; 
1292032435; 5279; " 5279,  0.99;  0.01;  0.20; WON   0.10"; 
1292032824; 5380; " 5380,  0.99;  0.01;  0.20; LOST  -0.85"; 
1292032827; 5381; " 5381,  0.99;  0.01;  0.20; LOST  -0.40"; 
1292032831; 5382; " 5382,  0.99;  0.01;  0.20; LOST  -0.10"; 
1292032836; 5383; " 5383,  0.99;  0.01;  0.20; LOST  -1.00"; 
1292032840; 5384; " 5384,  0.99;  0.01;  0.20; WON   0.10"; 
1292032843; 5385; " 5385,  0.99;  0.01;  0.20; WON   0.10"; 
1292032849; 5386; " 5386,  0.99;  0.01;  0.20; LOST  -1.00"; 
1292032853; 5387; " 5387,  0.99;  0.01;  0.20; LOST   0.00"; 
1292032856; 5388; " 5388,  0.99;  0.01;  0.20; LOST  -0.10"; 
1292032860; 5389; " 5389,  0.99;  0.01;  0.20; LOST  -0.10"; 
1292033259; 5490; " 5490,  0.99;  0.01;  0.20; LOST  -0.40"; 
1292033264; 5491; " 5491,  0.99;  0.01;  0.20; LOST  -1.00"; 
1292033267; 5492; " 5492,  0.99;  0.01;  0.20; LOST  -0.25"; 
1292033272; 5493; " 5493,  0.99;  0.01;  0.20; LOST  -1.00"; 
1292033275; 5494; " 5494,  0.99;  0.01;  0.20; LOST  -0.10"; 
1292033283; 5495; " 5495,  0.99;  0.01;  0.20; LOST  -1.00"; 
1292033288; 5496; " 5496,  0.99;  0.01;  0.20; LOST  -1.00"; 
1292033291; 5497; " 5497,  0.99;  0.01;  0.20; LOST  -0.10"; 
1292033296; 5498; " 5498,  0.99;  0.01;  0.20; LOST  -1.00"; 
1292033300; 5499; " 5499,  0.99;  0.01;  0.20; LOST  -0.40"; 
1292033702; 5600; " 5600,  0.99;  0.01;  0.20; LOST  -1.00"; 
1292033706; 5601; " 5601,  0.99;  0.01;  0.20; WON   0.10"; 
1292033709; 5602; " 5602,  0.99;  0.01;  0.20; WON   0.10"; 
1292033713; 5603; " 5603,  0.99;  0.01;  0.20; LOST  -0.40"; 
1292033716; 5604; " 5604,  0.99;  0.01;  0.20; WON   0.10"; 
1292033721; 5605; " 5605,  0.99;  0.01;  0.20; LOST  -1.00"; 
1292033724; 5606; " 5606,  0.99;  0.01;  0.20; LOST  -0.25"; 
1292033730; 5607; " 5607,  0.99;  0.01;  0.20; LOST  -1.00"; 
1292033733; 5608; " 5608,  0.99;  0.01;  0.20; LOST  -0.40"; 
1292033737; 5609; " 5609,  0.99;  0.01;  0.20; LOST  -0.10"; 
1292034142; 5710; " 5710,  0.99;  0.01;  0.20; LOST  -0.25"; 
1292034146; 5711; " 5711,  0.99;  0.01;  0.20; LOST  -0.55"; 
1292034150; 5712; " 5712,  0.99;  0.01;  0.20; WON   0.10"; 
1292034153; 5713; " 5713,  0.99;  0.01;  0.20; LOST  -0.40"; 
1292034157; 5714; " 5714,  0.99;  0.01;  0.20; LOST  -0.10"; 
1292034163; 5715; " 5715,  0.99;  0.01;  0.20; LOST  -1.00"; 
1292034167; 5716; " 5716,  0.99;  0.01;  0.20; WON   0.10"; 
1292034170; 5717; " 5717,  0.99;  0.01;  0.20; WON   0.10"; 
1292034174; 5718; " 5718,  0.99;  0.01;  0.20; WON   0.10"; 
1292034177; 5719; " 5719,  0.99;  0.01;  0.20; WON   0.10"; 
1292034579; 5820; " 5820,  0.99;  0.01;  0.20; LOST  -1.00"; 
1292034582; 5821; " 5821,  0.99;  0.01;  0.20; LOST  -0.40"; 
1292034586; 5822; " 5822,  0.99;  0.01;  0.20; LOST  -0.40"; 
1292034594; 5823; " 5823,  0.99;  0.01;  0.20; LOST  -1.00"; 
1292034599; 5824; " 5824,  0.99;  0.01;  0.20; LOST  -1.00"; 
1292034602; 5825; " 5825,  0.99;  0.01;  0.20; WON   0.10"; 
1292034611; 5826; " 5826,  0.99;  0.01;  0.20; LOST  -1.00"; 
1292034614; 5827; " 5827,  0.99;  0.01;  0.20; LOST  -0.10"; 
1292034619; 5828; " 5828,  0.99;  0.01;  0.20; LOST  -0.55"; 
1292034624; 5829; " 5829,  0.99;  0.01;  0.20; LOST  -1.00"; 
1292035020; 5930; " 5930,  0.99;  0.01;  0.20; LOST  -1.00"; 
1292035023; 5931; " 5931,  0.99;  0.01;  0.20; WON   0.10"; 
1292035027; 5932; " 5932,  0.99;  0.01;  0.20; LOST  -0.10"; 
1292035030; 5933; " 5933,  0.99;  0.01;  0.20; WON   0.10"; 
1292035035; 5934; " 5934,  0.99;  0.01;  0.20; LOST  -1.00"; 
1292035038; 5935; " 5935,  0.99;  0.01;  0.20; LOST  -0.10"; 
1292035043; 5936; " 5936,  0.99;  0.01;  0.20; LOST  -1.00"; 
1292035047; 5937; " 5937,  0.99;  0.01;  0.20; LOST  -0.10"; 
1292035052; 5938; " 5938,  0.99;  0.01;  0.20; LOST  -1.00"; 
1292035056; 5939; " 5939,  0.99;  0.01;  0.20; LOST  -0.10"; 
1292035460; 6040; " 6040,  0.99;  0.01;  0.20; LOST  -0.25"; 
1292035464; 6041; " 6041,  0.99;  0.01;  0.20; WON   0.10"; 
1292035469; 6042; " 6042,  0.99;  0.01;  0.20; LOST  -0.85"; 
1292035473; 6043; " 6043,  0.99;  0.01;  0.20; WON   0.10"; 
1292035476; 6044; " 6044,  0.99;  0.01;  0.20; WON   0.10"; 
1292035480; 6045; " 6045,  0.99;  0.01;  0.20; LOST  -0.55"; 
1292035483; 6046; " 6046,  0.99;  0.01;  0.20; LOST  -0.10"; 
1292035487; 6047; " 6047,  0.99;  0.01;  0.20; LOST  -0.40"; 
1292035493; 6048; " 6048,  0.99;  0.01;  0.20; LOST  -1.00"; 
1292035496; 6049; " 6049,  0.99;  0.01;  0.20; LOST  -0.10"; 
1292035893; 6150; " 6150,  0.99;  0.01;  0.20; WON   0.10"; 
1292035897; 6151; " 6151,  0.99;  0.01;  0.20; LOST  -0.10"; 
1292035900; 6152; " 6152,  0.99;  0.01;  0.20; LOST  -0.40"; 
1292035905; 6153; " 6153,  0.99;  0.01;  0.20; LOST  -0.85"; 
1292035909; 6154; " 6154,  0.99;  0.01;  0.20; LOST  -0.55"; 
1292035912; 6155; " 6155,  0.99;  0.01;  0.20; LOST  -0.10"; 
1292035920; 6156; " 6156,  0.99;  0.01;  0.20; LOST  -1.00"; 
1292035925; 6157; " 6157,  0.99;  0.01;  0.20; LOST  -0.40"; 
1292035928; 6158; " 6158,  0.99;  0.01;  0.20; LOST  -0.10"; 
1292035936; 6159; " 6159,  0.99;  0.01;  0.20; LOST  -1.00"; 
1292036338; 6260; " 6260,  0.99;  0.01;  0.20; LOST  -0.55"; 
1292036341; 6261; " 6261,  0.99;  0.01;  0.20; LOST  -0.10"; 
1292036346; 6262; " 6262,  0.99;  0.01;  0.20; LOST  -0.70"; 
1292036349; 6263; " 6263,  0.99;  0.01;  0.20; LOST  -0.40"; 
1292036355; 6264; " 6264,  0.99;  0.01;  0.20; LOST  -1.00"; 
1292036359; 6265; " 6265,  0.99;  0.01;  0.20; WON   0.10"; 
1292036362; 6266; " 6266,  0.99;  0.01;  0.20; WON   0.10"; 
1292036366; 6267; " 6267,  0.99;  0.01;  0.20; LOST  -0.10"; 
1292036369; 6268; " 6268,  0.99;  0.01;  0.20; WON   0.10"; 
1292036373; 6269; " 6269,  0.99;  0.01;  0.20; LOST  -0.10"; 
1292036762; 6370; " 6370,  0.99;  0.01;  0.20; LOST  -1.00"; 
1292036768; 6371; " 6371,  0.99;  0.01;  0.20; LOST  -1.00"; 
1292036773; 6372; " 6372,  0.99;  0.01;  0.20; LOST  -0.85"; 
1292036777; 6373; " 6373,  0.99;  0.01;  0.20; WON   0.10"; 
1292036780; 6374; " 6374,  0.99;  0.01;  0.20; LOST  -0.10"; 
1292036784; 6375; " 6375,  0.99;  0.01;  0.20; WON   0.10"; 
1292036787; 6376; " 6376,  0.99;  0.01;  0.20; WON   0.10"; 
1292036791; 6377; " 6377,  0.99;  0.01;  0.20; WON   0.10"; 
1292036794; 6378; " 6378,  0.99;  0.01;  0.20; LOST  -0.10"; 
1292036802; 6379; " 6379,  0.99;  0.01;  0.20; LOST  -1.00"; 
1292037193; 6480; " 6480,  0.99;  0.01;  0.20; LOST  -0.10"; 
1292037197; 6481; " 6481,  0.99;  0.01;  0.20; LOST  -0.40"; 
1292037200; 6482; " 6482,  0.99;  0.01;  0.20; WON   0.10"; 
1292037203; 6483; " 6483,  0.99;  0.01;  0.20; WON   0.10"; 
1292037208; 6484; " 6484,  0.99;  0.01;  0.20; LOST  -0.85"; 
1292037212; 6485; " 6485,  0.99;  0.01;  0.20; LOST  -0.70"; 
1292037216; 6486; " 6486,  0.99;  0.01;  0.20; LOST  -0.10"; 
1292037219; 6487; " 6487,  0.99;  0.01;  0.20; LOST  -0.10"; 
1292037223; 6488; " 6488,  0.99;  0.01;  0.20; WON   0.10"; 
1292037227; 6489; " 6489,  0.99;  0.01;  0.20; LOST  -1.00"; 
1292037624; 6590; " 6590,  0.99;  0.01;  0.20; WON   0.10"; 
1292037627; 6591; " 6591,  0.99;  0.01;  0.20; LOST  -0.10"; 
1292037632; 6592; " 6592,  0.99;  0.01;  0.20; LOST  -1.00"; 
1292037635; 6593; " 6593,  0.99;  0.01;  0.20; LOST  -0.10"; 
1292037640; 6594; " 6594,  0.99;  0.01;  0.20; LOST  -1.00"; 
1292037643; 6595; " 6595,  0.99;  0.01;  0.20; LOST   0.00"; 
1292037648; 6596; " 6596,  0.99;  0.01;  0.20; LOST  -1.00"; 
1292037651; 6597; " 6597,  0.99;  0.01;  0.20; LOST  -0.40"; 
1292037659; 6598; " 6598,  0.99;  0.01;  0.20; LOST  -1.00"; 
1292037664; 6599; " 6599,  0.99;  0.01;  0.20; LOST  -1.00"; 
1292038053; 6700; " 6700,  0.99;  0.01;  0.20; LOST  -1.00"; 
1292038056; 6701; " 6701,  0.99;  0.01;  0.20; LOST  -0.10"; 
1292038061; 6702; " 6702,  0.99;  0.01;  0.20; LOST  -1.00"; 
1292038064; 6703; " 6703,  0.99;  0.01;  0.20; LOST  -0.40"; 
1292038069; 6704; " 6704,  0.99;  0.01;  0.20; LOST  -1.00"; 
1292038072; 6705; " 6705,  0.99;  0.01;  0.20; LOST  -0.10"; 
1292038080; 6706; " 6706,  0.99;  0.01;  0.20; LOST  -1.00"; 
1292038088; 6707; " 6707,  0.99;  0.01;  0.20; LOST  -1.00"; 
1292038091; 6708; " 6708,  0.99;  0.01;  0.20; LOST  -0.10"; 
1292038095; 6709; " 6709,  0.99;  0.01;  0.20; WON   0.10"; 
1292038489; 6810; " 6810,  0.99;  0.01;  0.20; LOST  -0.25"; 
1292038494; 6811; " 6811,  0.99;  0.01;  0.20; LOST  -1.00"; 
1292038497; 6812; " 6812,  0.99;  0.01;  0.20; WON   0.10"; 
1292038502; 6813; " 6813,  0.99;  0.01;  0.20; LOST  -0.85"; 
1292038505; 6814; " 6814,  0.99;  0.01;  0.20; LOST   0.00"; 
1292038510; 6815; " 6815,  0.99;  0.01;  0.20; LOST  -1.00"; 
1292038513; 6816; " 6816,  0.99;  0.01;  0.20; LOST   0.00"; 
1292038517; 6817; " 6817,  0.99;  0.01;  0.20; LOST  -0.10"; 
1292038520; 6818; " 6818,  0.99;  0.01;  0.20; WON   0.10"; 
1292038524; 6819; " 6819,  0.99;  0.01;  0.20; WON   0.10"; 
1292038909; 6920; " 6920,  0.99;  0.01;  0.20; LOST  -1.00"; 
1292038913; 6921; " 6921,  0.99;  0.01;  0.20; LOST  -0.25"; 
1292038916; 6922; " 6922,  0.99;  0.01;  0.20; LOST  -0.25"; 
1292038920; 6923; " 6923,  0.99;  0.01;  0.20; LOST  -0.10"; 
1292038923; 6924; " 6924,  0.99;  0.01;  0.20; LOST  -0.25"; 
1292038926; 6925; " 6925,  0.99;  0.01;  0.20; LOST  -0.25"; 
1292038930; 6926; " 6926,  0.99;  0.01;  0.20; LOST  -0.25"; 
1292038933; 6927; " 6927,  0.99;  0.01;  0.20; WON   0.10"; 
1292038938; 6928; " 6928,  0.99;  0.01;  0.20; LOST  -0.85"; 
1292038941; 6929; " 6929,  0.99;  0.01;  0.20; LOST  -0.10"; 
1292039331; 7030; " 7030,  0.99;  0.01;  0.20; LOST  -1.00"; 
1292039334; 7031; " 7031,  0.99;  0.01;  0.20; LOST  -0.10"; 
1292039339; 7032; " 7032,  0.99;  0.01;  0.20; LOST  -1.00"; 
1292039342; 7033; " 7033,  0.99;  0.01;  0.20; WON   0.10"; 
1292039347; 7034; " 7034,  0.99;  0.01;  0.20; LOST  -1.00"; 
1292039351; 7035; " 7035,  0.99;  0.01;  0.20; LOST  -1.00"; 
1292039355; 7036; " 7036,  0.99;  0.01;  0.20; LOST  -0.25"; 
1292039359; 7037; " 7037,  0.99;  0.01;  0.20; LOST  -1.00"; 
1292039362; 7038; " 7038,  0.99;  0.01;  0.20; LOST  -0.25"; 
1292039370; 7039; " 7039,  0.99;  0.01;  0.20; LOST  -1.00"; 
1292039773; 7140; " 7140,  0.99;  0.01;  0.20; LOST  -1.00"; 
1292039776; 7141; " 7141,  0.99;  0.01;  0.20; WON   0.10"; 
1292039780; 7142; " 7142,  0.99;  0.01;  0.20; LOST  -0.10"; 
1292039783; 7143; " 7143,  0.99;  0.01;  0.20; LOST  -0.40"; 
1292039789; 7144; " 7144,  0.99;  0.01;  0.20; LOST  -1.00"; 
1292039792; 7145; " 7145,  0.99;  0.01;  0.20; WON   0.10"; 
1292039796; 7146; " 7146,  0.99;  0.01;  0.20; LOST  -0.25"; 
1292039799; 7147; " 7147,  0.99;  0.01;  0.20; LOST  -0.25"; 
1292039804; 7148; " 7148,  0.99;  0.01;  0.20; LOST  -0.70"; 
1292039807; 7149; " 7149,  0.99;  0.01;  0.20; LOST  -0.40"; 
1292040213; 7250; " 7250,  0.99;  0.01;  0.20; LOST  -1.00"; 
1292040216; 7251; " 7251,  0.99;  0.01;  0.20; LOST  -0.10"; 
1292040222; 7252; " 7252,  0.99;  0.01;  0.20; LOST  -1.00"; 
1292040225; 7253; " 7253,  0.99;  0.01;  0.20; LOST  -0.25"; 
1292040229; 7254; " 7254,  0.99;  0.01;  0.20; LOST  -0.85"; 
1292040234; 7255; " 7255,  0.99;  0.01;  0.20; LOST  -0.85"; 
1292040237; 7256; " 7256,  0.99;  0.01;  0.20; LOST  -0.10"; 
1292040241; 7257; " 7257,  0.99;  0.01;  0.20; LOST  -0.40"; 
1292040244; 7258; " 7258,  0.99;  0.01;  0.20; LOST  -0.40"; 
1292040248; 7259; " 7259,  0.99;  0.01;  0.20; LOST  -0.10"; 
1292040637; 7360; " 7360,  0.99;  0.01;  0.20; LOST  -0.10"; 
1292040640; 7361; " 7361,  0.99;  0.01;  0.20; WON   0.10"; 
1292040645; 7362; " 7362,  0.99;  0.01;  0.20; LOST  -1.00"; 
1292040648; 7363; " 7363,  0.99;  0.01;  0.20; WON   0.10"; 
1292040654; 7364; " 7364,  0.99;  0.01;  0.20; LOST  -1.00"; 
1292040658; 7365; " 7365,  0.99;  0.01;  0.20; WON   0.10"; 
1292040661; 7366; " 7366,  0.99;  0.01;  0.20; LOST  -0.10"; 
1292040665; 7367; " 7367,  0.99;  0.01;  0.20; LOST  -0.10"; 
1292040669; 7368; " 7368,  0.99;  0.01;  0.20; LOST  -0.70"; 
1292040672; 7369; " 7369,  0.99;  0.01;  0.20; LOST  -0.40"; 
1292041066; 7470; " 7470,  0.99;  0.01;  0.20; LOST  -0.85"; 
1292041070; 7471; " 7471,  0.99;  0.01;  0.20; LOST  -0.85"; 
1292041074; 7472; " 7472,  0.99;  0.01;  0.20; WON   0.10"; 
1292041077; 7473; " 7473,  0.99;  0.01;  0.20; WON   0.10"; 
1292041081; 7474; " 7474,  0.99;  0.01;  0.20; LOST   0.00"; 
1292041089; 7475; " 7475,  0.99;  0.01;  0.20; LOST  -1.00"; 
1292041092; 7476; " 7476,  0.99;  0.01;  0.20; LOST  -0.10"; 
1292041096; 7477; " 7477,  0.99;  0.01;  0.20; LOST  -0.10"; 
1292041099; 7478; " 7478,  0.99;  0.01;  0.20; LOST  -0.40"; 
1292041103; 7479; " 7479,  0.99;  0.01;  0.20; LOST  -0.55"; 
1292041490; 7580; " 7580,  0.99;  0.01;  0.20; WON   0.10"; 
1292041495; 7581; " 7581,  0.99;  0.01;  0.20; LOST  -0.85"; 
1292041498; 7582; " 7582,  0.99;  0.01;  0.20; LOST  -0.25"; 
1292041503; 7583; " 7583,  0.99;  0.01;  0.20; LOST  -1.00"; 
1292041506; 7584; " 7584,  0.99;  0.01;  0.20; WON   0.10"; 
1292041510; 7585; " 7585,  0.99;  0.01;  0.20; LOST  -0.10"; 
1292041518; 7586; " 7586,  0.99;  0.01;  0.20; LOST  -1.00"; 
1292041521; 7587; " 7587,  0.99;  0.01;  0.20; WON   0.10"; 
1292041525; 7588; " 7588,  0.99;  0.01;  0.20; WON   0.10"; 
1292041528; 7589; " 7589,  0.99;  0.01;  0.20; WON   0.10"; 
1292041912; 7690; " 7690,  0.99;  0.01;  0.20; LOST  -0.10"; 
1292041915; 7691; " 7691,  0.99;  0.01;  0.20; WON   0.10"; 
1292041923; 7692; " 7692,  0.99;  0.01;  0.20; LOST  -1.00"; 
1292041928; 7693; " 7693,  0.99;  0.01;  0.20; LOST  -1.00"; 
1292041934; 7694; " 7694,  0.99;  0.01;  0.20; LOST  -1.00"; 
1292041937; 7695; " 7695,  0.99;  0.01;  0.20; LOST   0.00"; 
1292041941; 7696; " 7696,  0.99;  0.01;  0.20; LOST  -0.55"; 
1292041944; 7697; " 7697,  0.99;  0.01;  0.20; LOST  -0.25"; 
1292041948; 7698; " 7698,  0.99;  0.01;  0.20; LOST  -0.10"; 
1292041952; 7699; " 7699,  0.99;  0.01;  0.20; LOST  -1.00"; 
1292042340; 7800; " 7800,  0.99;  0.01;  0.20; LOST  -1.00"; 
1292042344; 7801; " 7801,  0.99;  0.01;  0.20; LOST  -0.10"; 
1292042349; 7802; " 7802,  0.99;  0.01;  0.20; LOST  -1.00"; 
1292042352; 7803; " 7803,  0.99;  0.01;  0.20; WON   0.10"; 
1292042356; 7804; " 7804,  0.99;  0.01;  0.20; WON   0.25"; 
1292042359; 7805; " 7805,  0.99;  0.01;  0.20; LOST  -0.40"; 
1292042364; 7806; " 7806,  0.99;  0.01;  0.20; LOST  -1.00"; 
1292042367; 7807; " 7807,  0.99;  0.01;  0.20; LOST  -0.40"; 
1292042371; 7808; " 7808,  0.99;  0.01;  0.20; WON   0.10"; 
1292042376; 7809; " 7809,  0.99;  0.01;  0.20; LOST  -0.85"; 
1292042761; 7910; " 7910,  0.99;  0.01;  0.20; LOST  -1.00"; 
1292042764; 7911; " 7911,  0.99;  0.01;  0.20; LOST  -0.55"; 
1292042772; 7912; " 7912,  0.99;  0.01;  0.20; LOST  -1.00"; 
1292042776; 7913; " 7913,  0.99;  0.01;  0.20; LOST  -0.70"; 
1292042780; 7914; " 7914,  0.99;  0.01;  0.20; LOST  -1.00"; 
1292042785; 7915; " 7915,  0.99;  0.01;  0.20; LOST  -1.00"; 
1292042789; 7916; " 7916,  0.99;  0.01;  0.20; LOST  -0.70"; 
1292042792; 7917; " 7917,  0.99;  0.01;  0.20; LOST  -0.40"; 
1292042797; 7918; " 7918,  0.99;  0.01;  0.20; LOST  -1.00"; 
1292042800; 7919; " 7919,  0.99;  0.01;  0.20; LOST  -0.40"; 
1292043198; 8020; " 8020,  0.99;  0.01;  0.20; LOST  -0.25"; 
1292043201; 8021; " 8021,  0.99;  0.01;  0.20; WON   0.10"; 
1292043205; 8022; " 8022,  0.99;  0.01;  0.20; WON   0.10"; 
1292043208; 8023; " 8023,  0.99;  0.01;  0.20; WON   0.10"; 
1292043212; 8024; " 8024,  0.99;  0.01;  0.20; LOST  -0.10"; 
1292043215; 8025; " 8025,  0.99;  0.01;  0.20; LOST  -0.55"; 
1292043218; 8026; " 8026,  0.99;  0.01;  0.20; LOST  -0.10"; 
1292043222; 8027; " 8027,  0.99;  0.01;  0.20; WON   0.10"; 
1292043225; 8028; " 8028,  0.99;  0.01;  0.20; LOST  -0.25"; 
1292043231; 8029; " 8029,  0.99;  0.01;  0.20; LOST  -1.00"; 
1292043618; 8130; " 8130,  0.99;  0.01;  0.20; LOST  -1.00"; 
1292043622; 8131; " 8131,  0.99;  0.01;  0.20; WON   0.10"; 
1292043626; 8132; " 8132,  0.99;  0.01;  0.20; LOST  -0.10"; 
1292043631; 8133; " 8133,  0.99;  0.01;  0.20; LOST  -0.10"; 
1292043635; 8134; " 8134,  0.99;  0.01;  0.20; LOST  -1.00"; 
1292043639; 8135; " 8135,  0.99;  0.01;  0.20; WON   0.10"; 
1292043644; 8136; " 8136,  0.99;  0.01;  0.20; LOST  -1.00"; 
1292043647; 8137; " 8137,  0.99;  0.01;  0.20; WON   0.10"; 
1292043651; 8138; " 8138,  0.99;  0.01;  0.20; WON   0.10"; 
1292043655; 8139; " 8139,  0.99;  0.01;  0.20; LOST  -1.00"; 
1292044037; 8240; " 8240,  0.99;  0.01;  0.20; WON   0.10"; 
1292044042; 8241; " 8241,  0.99;  0.01;  0.20; LOST  -0.85"; 
1292044045; 8242; " 8242,  0.99;  0.01;  0.20; WON   0.10"; 
1292044049; 8243; " 8243,  0.99;  0.01;  0.20; LOST  -0.10"; 
1292044052; 8244; " 8244,  0.99;  0.01;  0.20; WON   0.10"; 
1292044055; 8245; " 8245,  0.99;  0.01;  0.20; LOST  -0.40"; 
1292044059; 8246; " 8246,  0.99;  0.01;  0.20; WON   0.10"; 
1292044062; 8247; " 8247,  0.99;  0.01;  0.20; LOST  -0.10"; 
1292044068; 8248; " 8248,  0.99;  0.01;  0.20; LOST  -0.85"; 
1292044071; 8249; " 8249,  0.99;  0.01;  0.20; LOST  -0.25"; 
1292044467; 8350; " 8350,  0.99;  0.01;  0.20; WON   0.10"; 
1292044472; 8351; " 8351,  0.99;  0.01;  0.20; LOST  -1.00"; 
1292044475; 8352; " 8352,  0.99;  0.01;  0.20; LOST  -0.55"; 
1292044481; 8353; " 8353,  0.99;  0.01;  0.20; LOST  -1.00"; 
1292044484; 8354; " 8354,  0.99;  0.01;  0.20; LOST  -0.25"; 
1292044487; 8355; " 8355,  0.99;  0.01;  0.20; LOST  -0.55"; 
1292044491; 8356; " 8356,  0.99;  0.01;  0.20; LOST  -0.10"; 
1292044494; 8357; " 8357,  0.99;  0.01;  0.20; LOST  -0.10"; 
1292044498; 8358; " 8358,  0.99;  0.01;  0.20; WON   0.10"; 
1292044501; 8359; " 8359,  0.99;  0.01;  0.20; LOST  -0.10"; 
1292044900; 8460; " 8460,  0.99;  0.01;  0.20; LOST  -0.25"; 
1292044904; 8461; " 8461,  0.99;  0.01;  0.20; WON   0.10"; 
1292044909; 8462; " 8462,  0.99;  0.01;  0.20; LOST   0.00"; 
1292044916; 8463; " 8463,  0.99;  0.01;  0.20; LOST  -1.00"; 
1292044920; 8464; " 8464,  0.99;  0.01;  0.20; LOST  -0.10"; 
1292044924; 8465; " 8465,  0.99;  0.01;  0.20; LOST  -0.10"; 
1292044928; 8466; " 8466,  0.99;  0.01;  0.20; WON   0.10"; 
1292044932; 8467; " 8467,  0.99;  0.01;  0.20; LOST  -1.00"; 
1292044936; 8468; " 8468,  0.99;  0.01;  0.20; LOST  -0.55"; 
1292044939; 8469; " 8469,  0.99;  0.01;  0.20; LOST  -0.10"; 
1292045327; 8570; " 8570,  0.99;  0.01;  0.20; LOST  -0.10"; 
1292045330; 8571; " 8571,  0.99;  0.01;  0.20; LOST  -0.25"; 
1292045334; 8572; " 8572,  0.99;  0.01;  0.20; LOST  -0.55"; 
1292045339; 8573; " 8573,  0.99;  0.01;  0.20; LOST  -1.00"; 
1292045344; 8574; " 8574,  0.99;  0.01;  0.20; LOST  -0.70"; 
1292045347; 8575; " 8575,  0.99;  0.01;  0.20; WON   0.10"; 
1292045351; 8576; " 8576,  0.99;  0.01;  0.20; LOST  -0.85"; 
1292045355; 8577; " 8577,  0.99;  0.01;  0.20; WON   0.10"; 
1292045358; 8578; " 8578,  0.99;  0.01;  0.20; LOST  -0.10"; 
1292045362; 8579; " 8579,  0.99;  0.01;  0.20; LOST  -0.70"; 
1292045749; 8680; " 8680,  0.99;  0.01;  0.20; LOST  -1.00"; 
1292045754; 8681; " 8681,  0.99;  0.01;  0.20; LOST  -1.00"; 
1292045758; 8682; " 8682,  0.99;  0.01;  0.20; WON   0.10"; 
1292045761; 8683; " 8683,  0.99;  0.01;  0.20; LOST  -0.40"; 
1292045767; 8684; " 8684,  0.99;  0.01;  0.20; LOST  -1.00"; 
1292045771; 8685; " 8685,  0.99;  0.01;  0.20; LOST  -0.85"; 
1292045775; 8686; " 8686,  0.99;  0.01;  0.20; LOST  -0.25"; 
1292045778; 8687; " 8687,  0.99;  0.01;  0.20; LOST  -0.10"; 
1292045782; 8688; " 8688,  0.99;  0.01;  0.20; WON   0.10"; 
1292045786; 8689; " 8689,  0.99;  0.01;  0.20; LOST  -0.55"; 
1292046170; 8790; " 8790,  0.99;  0.01;  0.20; WON   0.10"; 
1292046178; 8791; " 8791,  0.99;  0.01;  0.20; LOST  -1.00"; 
1292046183; 8792; " 8792,  0.99;  0.01;  0.20; LOST  -1.00"; 
1292046187; 8793; " 8793,  0.99;  0.01;  0.20; LOST  -1.00"; 
1292046191; 8794; " 8794,  0.99;  0.01;  0.20; LOST  -0.25"; 
1292046194; 8795; " 8795,  0.99;  0.01;  0.20; LOST  -0.10"; 
1292046198; 8796; " 8796,  0.99;  0.01;  0.20; LOST  -1.00"; 
1292046202; 8797; " 8797,  0.99;  0.01;  0.20; LOST  -0.10"; 
1292046206; 8798; " 8798,  0.99;  0.01;  0.20; LOST  -1.00"; 
1292046210; 8799; " 8799,  0.99;  0.01;  0.20; LOST   0.00"; 
1292046609; 8900; " 8900,  0.99;  0.01;  0.20; WON   0.10"; 
1292046614; 8901; " 8901,  0.99;  0.01;  0.20; LOST  -0.70"; 
1292046618; 8902; " 8902,  0.99;  0.01;  0.20; LOST  -0.70"; 
1292046622; 8903; " 8903,  0.99;  0.01;  0.20; LOST  -0.55"; 
1292046626; 8904; " 8904,  0.99;  0.01;  0.20; LOST  -1.00"; 
1292046630; 8905; " 8905,  0.99;  0.01;  0.20; LOST  -0.55"; 
1292046633; 8906; " 8906,  0.99;  0.01;  0.20; LOST  -0.10"; 
1292046638; 8907; " 8907,  0.99;  0.01;  0.20; LOST  -0.85"; 
1292046642; 8908; " 8908,  0.99;  0.01;  0.20; LOST  -1.00"; 
1292046646; 8909; " 8909,  0.99;  0.01;  0.20; WON   0.10"; 
1292047032; 9010; " 9010,  0.99;  0.01;  0.20; LOST  -0.10"; 
1292047036; 9011; " 9011,  0.99;  0.01;  0.20; LOST  -1.00"; 
1292047041; 9012; " 9012,  0.99;  0.01;  0.20; LOST  -1.00"; 
1292047044; 9013; " 9013,  0.99;  0.01;  0.20; WON   0.10"; 
1292047049; 9014; " 9014,  0.99;  0.01;  0.20; LOST  -1.00"; 
1292047056; 9015; " 9015,  0.99;  0.01;  0.20; LOST  -1.00"; 
1292047061; 9016; " 9016,  0.99;  0.01;  0.20; LOST  -0.85"; 
1292047064; 9017; " 9017,  0.99;  0.01;  0.20; WON   0.10"; 
1292047069; 9018; " 9018,  0.99;  0.01;  0.20; LOST  -1.00"; 
1292047074; 9019; " 9019,  0.99;  0.01;  0.20; LOST  -0.85"; 
1292047462; 9120; " 9120,  0.99;  0.01;  0.20; LOST  -0.10"; 
1292047465; 9121; " 9121,  0.99;  0.01;  0.20; WON   0.10"; 
1292047469; 9122; " 9122,  0.99;  0.01;  0.20; LOST  -0.10"; 
1292047472; 9123; " 9123,  0.99;  0.01;  0.20; LOST  -0.40"; 
1292047477; 9124; " 9124,  0.99;  0.01;  0.20; LOST  -1.00"; 
1292047480; 9125; " 9125,  0.99;  0.01;  0.20; WON   0.25"; 
1292047484; 9126; " 9126,  0.99;  0.01;  0.20; LOST  -0.10"; 
1292047488; 9127; " 9127,  0.99;  0.01;  0.20; LOST  -0.85"; 
1292047493; 9128; " 9128,  0.99;  0.01;  0.20; LOST  -0.85"; 
1292047496; 9129; " 9129,  0.99;  0.01;  0.20; WON   0.10"; 
1292047886; 9230; " 9230,  0.99;  0.01;  0.20; LOST  -1.00"; 
1292047890; 9231; " 9231,  0.99;  0.01;  0.20; LOST  -0.25"; 
1292047893; 9232; " 9232,  0.99;  0.01;  0.20; LOST  -0.10"; 
1292047897; 9233; " 9233,  0.99;  0.01;  0.20; WON   0.10"; 
1292047901; 9234; " 9234,  0.99;  0.01;  0.20; LOST  -1.00"; 
1292047905; 9235; " 9235,  0.99;  0.01;  0.20; LOST  -0.10"; 
1292047909; 9236; " 9236,  0.99;  0.01;  0.20; LOST  -1.00"; 
1292047913; 9237; " 9237,  0.99;  0.01;  0.20; WON   0.10"; 
1292047917; 9238; " 9238,  0.99;  0.01;  0.20; LOST  -1.00"; 
1292047921; 9239; " 9239,  0.99;  0.01;  0.20; LOST  -0.10"; 
1292048319; 9340; " 9340,  0.99;  0.01;  0.20; LOST  -1.00"; 
1292048322; 9341; " 9341,  0.99;  0.01;  0.20; LOST  -0.10"; 
1292048327; 9342; " 9342,  0.99;  0.01;  0.20; LOST  -0.85"; 
1292048331; 9343; " 9343,  0.99;  0.01;  0.20; LOST  -1.00"; 
1292048334; 9344; " 9344,  0.99;  0.01;  0.20; LOST  -0.40"; 
1292048339; 9345; " 9345,  0.99;  0.01;  0.20; LOST  -0.10"; 
1292048343; 9346; " 9346,  0.99;  0.01;  0.20; WON   0.10"; 
1292048346; 9347; " 9347,  0.99;  0.01;  0.20; LOST  -0.10"; 
1292048350; 9348; " 9348,  0.99;  0.01;  0.20; WON   0.10"; 
1292048354; 9349; " 9349,  0.99;  0.01;  0.20; LOST  -0.70"; 
1292048740; 9450; " 9450,  0.99;  0.01;  0.20; LOST  -0.55"; 
1292048747; 9451; " 9451,  0.99;  0.01;  0.20; LOST  -1.00"; 
1292048752; 9452; " 9452,  0.99;  0.01;  0.20; LOST  -1.00"; 
1292048755; 9453; " 9453,  0.99;  0.01;  0.20; LOST  -0.40"; 
1292048759; 9454; " 9454,  0.99;  0.01;  0.20; LOST  -0.10"; 
1292048763; 9455; " 9455,  0.99;  0.01;  0.20; LOST  -1.00"; 
1292048771; 9456; " 9456,  0.99;  0.01;  0.20; LOST  -1.00"; 
1292048776; 9457; " 9457,  0.99;  0.01;  0.20; LOST  -1.00"; 
1292048780; 9458; " 9458,  0.99;  0.01;  0.20; LOST  -0.10"; 
1292048783; 9459; " 9459,  0.99;  0.01;  0.20; WON   0.10"; 
1292049159; 9560; " 9560,  0.99;  0.01;  0.20; LOST  -0.10"; 
1292049163; 9561; " 9561,  0.99;  0.01;  0.20; LOST  -1.00"; 
1292049167; 9562; " 9562,  0.99;  0.01;  0.20; WON   0.10"; 
1292049172; 9563; " 9563,  0.99;  0.01;  0.20; LOST  -1.00"; 
1292049177; 9564; " 9564,  0.99;  0.01;  0.20; LOST  -0.85"; 
1292049180; 9565; " 9565,  0.99;  0.01;  0.20; WON   0.10"; 
1292049183; 9566; " 9566,  0.99;  0.01;  0.20; WON   0.10"; 
1292049188; 9567; " 9567,  0.99;  0.01;  0.20; LOST  -1.00"; 
1292049193; 9568; " 9568,  0.99;  0.01;  0.20; LOST  -0.85"; 
1292049196; 9569; " 9569,  0.99;  0.01;  0.20; LOST  -0.10"; 
1292049590; 9670; " 9670,  0.99;  0.01;  0.20; LOST  -0.85"; 
1292049593; 9671; " 9671,  0.99;  0.01;  0.20; LOST  -0.10"; 
1292049599; 9672; " 9672,  0.99;  0.01;  0.20; LOST  -0.85"; 
1292049603; 9673; " 9673,  0.99;  0.01;  0.20; WON   0.10"; 
1292049606; 9674; " 9674,  0.99;  0.01;  0.20; LOST  -0.10"; 
1292049609; 9675; " 9675,  0.99;  0.01;  0.20; LOST  -0.10"; 
1292049613; 9676; " 9676,  0.99;  0.01;  0.20; LOST  -0.10"; 
1292049617; 9677; " 9677,  0.99;  0.01;  0.20; LOST  -0.85"; 
1292049621; 9678; " 9678,  0.99;  0.01;  0.20; LOST  -0.10"; 
1292049625; 9679; " 9679,  0.99;  0.01;  0.20; LOST  -0.85"; 
1292050014; 9780; " 9780,  0.99;  0.01;  0.20; WON   0.10"; 
1292050018; 9781; " 9781,  0.99;  0.01;  0.20; LOST  -1.00"; 
1292050022; 9782; " 9782,  0.99;  0.01;  0.20; LOST  -0.10"; 
1292050026; 9783; " 9783,  0.99;  0.01;  0.20; LOST  -0.70"; 
1292050030; 9784; " 9784,  0.99;  0.01;  0.20; LOST  -0.85"; 
1292050035; 9785; " 9785,  0.99;  0.01;  0.20; LOST  -0.85"; 
1292050039; 9786; " 9786,  0.99;  0.01;  0.20; LOST  -0.25"; 
1292050042; 9787; " 9787,  0.99;  0.01;  0.20; LOST  -0.10"; 
1292050046; 9788; " 9788,  0.99;  0.01;  0.20; LOST  -0.85"; 
1292050050; 9789; " 9789,  0.99;  0.01;  0.20; LOST  -0.40"; 
1292050430; 9890; " 9890,  0.99;  0.01;  0.20; WON   0.10"; 
1292050433; 9891; " 9891,  0.99;  0.01;  0.20; LOST  -0.55"; 
1292050437; 9892; " 9892,  0.99;  0.01;  0.20; LOST  -0.10"; 
1292050441; 9893; " 9893,  0.99;  0.01;  0.20; LOST  -1.00"; 
1292050446; 9894; " 9894,  0.99;  0.01;  0.20; LOST  -0.85"; 
1292050449; 9895; " 9895,  0.99;  0.01;  0.20; LOST  -0.40"; 
1292050453; 9896; " 9896,  0.99;  0.01;  0.20; LOST  -0.70"; 
1292050456; 9897; " 9897,  0.99;  0.01;  0.20; LOST  -0.55"; 
1292050459; 9898; " 9898,  0.99;  0.01;  0.20; WON   0.10"; 
1292050464; 9899; " 9899,  0.99;  0.01;  0.20; LOST  -0.85"; 
1292050849; 10000; " 10000,  0.99;  0.01;  0.20; LOST  -0.85"; 
1292050853; 10001; " 10001,  0.99;  0.01;  0.20; LOST  -0.25"; 
1292050857; 10002; " 10002,  0.99;  0.01;  0.20; LOST  -0.85"; 
1292050861; 10003; " 10003,  0.99;  0.01;  0.20; LOST  -0.10"; 
1292050864; 10004; " 10004,  0.99;  0.01;  0.20; LOST  -0.25"; 
1292050868; 10005; " 10005,  0.99;  0.01;  0.20; LOST  -0.70"; 
1292050872; 10006; " 10006,  0.99;  0.01;  0.20; LOST  -0.85"; 
1292050876; 10007; " 10007,  0.99;  0.01;  0.20; LOST  -0.10"; 
1292050880; 10008; " 10008,  0.99;  0.01;  0.20; LOST  -0.85"; 
1292050883; 10009; " 10009,  0.99;  0.01;  0.20; LOST  -0.40"; 
1292051266; 10110; " 10110,  0.99;  0.01;  0.20; WON   0.10"; 
1292051269; 10111; " 10111,  0.99;  0.01;  0.20; LOST  -0.10"; 
1292051274; 10112; " 10112,  0.99;  0.01;  0.20; LOST  -0.70"; 
1292051277; 10113; " 10113,  0.99;  0.01;  0.20; LOST  -0.55"; 
1292051281; 10114; " 10114,  0.99;  0.01;  0.20; LOST  -0.25"; 
1292051284; 10115; " 10115,  0.99;  0.01;  0.20; LOST  -0.10"; 
1292051288; 10116; " 10116,  0.99;  0.01;  0.20; WON   0.10"; 
1292051292; 10117; " 10117,  0.99;  0.01;  0.20; LOST  -1.00"; 
1292051296; 10118; " 10118,  0.99;  0.01;  0.20; WON   0.10"; 
1292051299; 10119; " 10119,  0.99;  0.01;  0.20; WON   0.10"; 
1292051687; 10220; " 10220,  0.99;  0.01;  0.20; WON   0.10"; 
1292051692; 10221; " 10221,  0.99;  0.01;  0.20; LOST  -1.00"; 
1292051697; 10222; " 10222,  0.99;  0.01;  0.20; LOST  -0.85"; 
1292051701; 10223; " 10223,  0.99;  0.01;  0.20; LOST  -0.85"; 
1292051706; 10224; " 10224,  0.99;  0.01;  0.20; LOST  -0.85"; 
1292051709; 10225; " 10225,  0.99;  0.01;  0.20; LOST  -0.10"; 
1292051713; 10226; " 10226,  0.99;  0.01;  0.20; LOST  -0.25"; 
1292051716; 10227; " 10227,  0.99;  0.01;  0.20; LOST   0.00"; 
1292051721; 10228; " 10228,  0.99;  0.01;  0.20; LOST  -0.10"; 
1292051726; 10229; " 10229,  0.99;  0.01;  0.20; LOST  -0.85"; 
1292052113; 10330; " 10330,  0.99;  0.01;  0.20; WON   0.10"; 
1292052117; 10331; " 10331,  0.99;  0.01;  0.20; LOST  -1.00"; 
1292052121; 10332; " 10332,  0.99;  0.01;  0.20; LOST  -0.10"; 
1292052125; 10333; " 10333,  0.99;  0.01;  0.20; LOST  -1.00"; 
1292052129; 10334; " 10334,  0.99;  0.01;  0.20; WON   0.10"; 
1292052133; 10335; " 10335,  0.99;  0.01;  0.20; LOST  -1.00"; 
1292052137; 10336; " 10336,  0.99;  0.01;  0.20; LOST  -0.10"; 
1292052142; 10337; " 10337,  0.99;  0.01;  0.20; LOST  -1.00"; 
1292052146; 10338; " 10338,  0.99;  0.01;  0.20; LOST  -0.40"; 
1292052153; 10339; " 10339,  0.99;  0.01;  0.20; LOST  -1.00"; 
1292052544; 10440; " 10440,  0.99;  0.01;  0.20; LOST  -0.40"; 
1292052548; 10441; " 10441,  0.99;  0.01;  0.20; LOST  -0.85"; 
1292052553; 10442; " 10442,  0.99;  0.01;  0.20; LOST  -0.70"; 
1292052556; 10443; " 10443,  0.99;  0.01;  0.20; LOST  -0.55"; 
1292052561; 10444; " 10444,  0.99;  0.01;  0.20; LOST  -1.00"; 
1292052564; 10445; " 10445,  0.99;  0.01;  0.20; LOST  -0.55"; 
1292052568; 10446; " 10446,  0.99;  0.01;  0.20; LOST  -0.10"; 
1292052571; 10447; " 10447,  0.99;  0.01;  0.20; WON   0.10"; 
1292052576; 10448; " 10448,  0.99;  0.01;  0.20; LOST  -0.85"; 
1292052579; 10449; " 10449,  0.99;  0.01;  0.20; LOST  -0.40"; 
1292052969; 10550; " 10550,  0.99;  0.01;  0.20; LOST  -0.85"; 
1292052974; 10551; " 10551,  0.99;  0.01;  0.20; LOST  -0.85"; 
1292052977; 10552; " 10552,  0.99;  0.01;  0.20; WON   0.10"; 
1292052981; 10553; " 10553,  0.99;  0.01;  0.20; LOST  -0.10"; 
1292052984; 10554; " 10554,  0.99;  0.01;  0.20; LOST  -0.55"; 
1292052989; 10555; " 10555,  0.99;  0.01;  0.20; LOST  -0.85"; 
1292052993; 10556; " 10556,  0.99;  0.01;  0.20; LOST  -0.55"; 
1292052996; 10557; " 10557,  0.99;  0.01;  0.20; WON   0.10"; 
1292053000; 10558; " 10558,  0.99;  0.01;  0.20; LOST  -0.25"; 
1292053005; 10559; " 10559,  0.99;  0.01;  0.20; LOST  -0.85"; 
1292053387; 10660; " 10660,  0.99;  0.01;  0.20; LOST  -0.10"; 
1292053391; 10661; " 10661,  0.99;  0.01;  0.20; LOST  -0.70"; 
1292053395; 10662; " 10662,  0.99;  0.01;  0.20; LOST  -0.40"; 
1292053398; 10663; " 10663,  0.99;  0.01;  0.20; WON   0.10"; 
1292053403; 10664; " 10664,  0.99;  0.01;  0.20; LOST  -0.70"; 
1292053406; 10665; " 10665,  0.99;  0.01;  0.20; LOST  -0.40"; 
1292053410; 10666; " 10666,  0.99;  0.01;  0.20; WON   0.10"; 
1292053413; 10667; " 10667,  0.99;  0.01;  0.20; WON   0.25"; 
1292053418; 10668; " 10668,  0.99;  0.01;  0.20; LOST  -0.85"; 
1292053422; 10669; " 10669,  0.99;  0.01;  0.20; LOST  -1.00"; 
1292053814; 10770; " 10770,  0.99;  0.01;  0.20; WON   0.10"; 
1292053818; 10771; " 10771,  0.99;  0.01;  0.20; LOST  -0.85"; 
1292053822; 10772; " 10772,  0.99;  0.01;  0.20; LOST  -0.40"; 
1292053825; 10773; " 10773,  0.99;  0.01;  0.20; LOST  -0.40"; 
1292053830; 10774; " 10774,  0.99;  0.01;  0.20; LOST  -0.25"; 
1292053833; 10775; " 10775,  0.99;  0.01;  0.20; LOST   0.00"; 
1292053838; 10776; " 10776,  0.99;  0.01;  0.20; LOST  -0.85"; 
1292053842; 10777; " 10777,  0.99;  0.01;  0.20; LOST  -0.85"; 
1292053846; 10778; " 10778,  0.99;  0.01;  0.20; LOST  -0.40"; 
1292053849; 10779; " 10779,  0.99;  0.01;  0.20; LOST  -0.40"; 
1292054233; 10880; " 10880,  0.99;  0.01;  0.20; WON   0.10"; 
1292054236; 10881; " 10881,  0.99;  0.01;  0.20; LOST  -0.25"; 
1292054240; 10882; " 10882,  0.99;  0.01;  0.20; WON   0.10"; 
1292054243; 10883; " 10883,  0.99;  0.01;  0.20; LOST  -0.10"; 
1292054247; 10884; " 10884,  0.99;  0.01;  0.20; LOST  -0.40"; 
1292054251; 10885; " 10885,  0.99;  0.01;  0.20; LOST  -0.85"; 
1292054256; 10886; " 10886,  0.99;  0.01;  0.20; LOST  -1.00"; 
1292054259; 10887; " 10887,  0.99;  0.01;  0.20; WON   0.10"; 
1292054263; 10888; " 10888,  0.99;  0.01;  0.20; LOST  -0.55"; 
1292054266; 10889; " 10889,  0.99;  0.01;  0.20; LOST  -0.10"; 
1292054646; 10990; " 10990,  0.99;  0.01;  0.20; LOST  -0.10"; 
1292054650; 10991; " 10991,  0.99;  0.01;  0.20; WON   0.10"; 
1292054653; 10992; " 10992,  0.99;  0.01;  0.20; WON   0.10"; 
1292054658; 10993; " 10993,  0.99;  0.01;  0.20; LOST  -1.00"; 
1292054662; 10994; " 10994,  0.99;  0.01;  0.20; LOST  -0.85"; 
1292054665; 10995; " 10995,  0.99;  0.01;  0.20; LOST  -0.40"; 
1292054669; 10996; " 10996,  0.99;  0.01;  0.20; LOST  -0.55"; 
1292054672; 10997; " 10997,  0.99;  0.01;  0.20; WON   0.10"; 
1292054676; 10998; " 10998,  0.99;  0.01;  0.20; WON   0.10"; 
1292054679; 10999; " 10999,  0.99;  0.01;  0.20; LOST  -0.10"; 
1292055061; 11100; " 11100,  0.99;  0.01;  0.20; LOST  -0.25"; 
1292055065; 11101; " 11101,  0.99;  0.01;  0.20; LOST  -0.10"; 
1292055068; 11102; " 11102,  0.99;  0.01;  0.20; WON   0.10"; 
1292055071; 11103; " 11103,  0.99;  0.01;  0.20; LOST  -0.25"; 
1292055076; 11104; " 11104,  0.99;  0.01;  0.20; LOST  -0.85"; 
1292055080; 11105; " 11105,  0.99;  0.01;  0.20; LOST  -0.10"; 
1292055083; 11106; " 11106,  0.99;  0.01;  0.20; WON   0.10"; 
1292055086; 11107; " 11107,  0.99;  0.01;  0.20; LOST  -0.10"; 
1292055090; 11108; " 11108,  0.99;  0.01;  0.20; WON   0.10"; 
1292055095; 11109; " 11109,  0.99;  0.01;  0.20; LOST  -1.00"; 
1292055471; 11210; " 11210,  0.99;  0.01;  0.20; WON   0.10"; 
1292055474; 11211; " 11211,  0.99;  0.01;  0.20; WON   0.10"; 
1292055479; 11212; " 11212,  0.99;  0.01;  0.20; LOST  -1.00"; 
1292055482; 11213; " 11213,  0.99;  0.01;  0.20; LOST  -0.55"; 
1292055486; 11214; " 11214,  0.99;  0.01;  0.20; LOST  -0.10"; 
1292055491; 11215; " 11215,  0.99;  0.01;  0.20; LOST  -0.70"; 
1292055495; 11216; " 11216,  0.99;  0.01;  0.20; LOST  -1.00"; 
1292055500; 11217; " 11217,  0.99;  0.01;  0.20; LOST  -1.00"; 
1292055504; 11218; " 11218,  0.99;  0.01;  0.20; LOST  -1.00"; 
1292055508; 11219; " 11219,  0.99;  0.01;  0.20; LOST  -0.85"; 
1292055901; 11320; " 11320,  0.99;  0.01;  0.20; WON   0.10"; 
1292055904; 11321; " 11321,  0.99;  0.01;  0.20; LOST  -0.10"; 
1292055908; 11322; " 11322,  0.99;  0.01;  0.20; LOST  -0.55"; 
1292055912; 11323; " 11323,  0.99;  0.01;  0.20; LOST  -0.85"; 
1292055915; 11324; " 11324,  0.99;  0.01;  0.20; LOST  -0.40"; 
1292055921; 11325; " 11325,  0.99;  0.01;  0.20; LOST  -1.00"; 
1292055924; 11326; " 11326,  0.99;  0.01;  0.20; LOST  -0.10"; 
1292055928; 11327; " 11327,  0.99;  0.01;  0.20; WON   0.10"; 
1292055931; 11328; " 11328,  0.99;  0.01;  0.20; LOST  -0.10"; 
1292055935; 11329; " 11329,  0.99;  0.01;  0.20; WON   0.10"; 
1292056327; 11430; " 11430,  0.99;  0.01;  0.20; WON   0.10"; 
1292056330; 11431; " 11431,  0.99;  0.01;  0.20; LOST  -0.10"; 
1292056334; 11432; " 11432,  0.99;  0.01;  0.20; LOST   0.00"; 
1292056337; 11433; " 11433,  0.99;  0.01;  0.20; LOST  -0.25"; 
1292056341; 11434; " 11434,  0.99;  0.01;  0.20; LOST  -0.10"; 
1292056345; 11435; " 11435,  0.99;  0.01;  0.20; LOST  -0.85"; 
1292056349; 11436; " 11436,  0.99;  0.01;  0.20; LOST  -0.10"; 
1292056354; 11437; " 11437,  0.99;  0.01;  0.20; LOST  -1.00"; 
1292056358; 11438; " 11438,  0.99;  0.01;  0.20; LOST  -0.40"; 
1292056361; 11439; " 11439,  0.99;  0.01;  0.20; LOST  -0.25"; 
1292056741; 11540; " 11540,  0.99;  0.01;  0.20; LOST  -0.40"; 
1292056746; 11541; " 11541,  0.99;  0.01;  0.20; LOST  -0.85"; 
1292056751; 11542; " 11542,  0.99;  0.01;  0.20; LOST  -0.85"; 
1292056755; 11543; " 11543,  0.99;  0.01;  0.20; LOST  -0.85"; 
1292056758; 11544; " 11544,  0.99;  0.01;  0.20; LOST  -0.40"; 
1292056762; 11545; " 11545,  0.99;  0.01;  0.20; LOST  -0.10"; 
1292056767; 11546; " 11546,  0.99;  0.01;  0.20; LOST  -0.85"; 
1292056770; 11547; " 11547,  0.99;  0.01;  0.20; WON   0.10"; 
1292056775; 11548; " 11548,  0.99;  0.01;  0.20; LOST  -0.85"; 
1292056779; 11549; " 11549,  0.99;  0.01;  0.20; WON   0.10"; 
1292057166; 11650; " 11650,  0.99;  0.01;  0.20; WON   0.10"; 
1292057171; 11651; " 11651,  0.99;  0.01;  0.20; LOST  -0.85"; 
1292057176; 11652; " 11652,  0.99;  0.01;  0.20; LOST  -0.85"; 
1292057180; 11653; " 11653,  0.99;  0.01;  0.20; LOST  -0.85"; 
1292057185; 11654; " 11654,  0.99;  0.01;  0.20; LOST  -1.00"; 
1292057188; 11655; " 11655,  0.99;  0.01;  0.20; LOST  -0.10"; 
1292057192; 11656; " 11656,  0.99;  0.01;  0.20; LOST  -0.40"; 
1292057196; 11657; " 11657,  0.99;  0.01;  0.20; LOST  -0.85"; 
1292057201; 11658; " 11658,  0.99;  0.01;  0.20; LOST  -1.00"; 
1292057204; 11659; " 11659,  0.99;  0.01;  0.20; LOST  -0.25"; 
1292057593; 11760; " 11760,  0.99;  0.01;  0.20; LOST  -0.55"; 
1292057596; 11761; " 11761,  0.99;  0.01;  0.20; LOST  -0.10"; 
1292057601; 11762; " 11762,  0.99;  0.01;  0.20; LOST  -0.85"; 
1292057605; 11763; " 11763,  0.99;  0.01;  0.20; WON   0.10"; 
1292057608; 11764; " 11764,  0.99;  0.01;  0.20; LOST  -0.10"; 
1292057613; 11765; " 11765,  0.99;  0.01;  0.20; LOST  -0.85"; 
1292057617; 11766; " 11766,  0.99;  0.01;  0.20; WON   0.10"; 
1292057620; 11767; " 11767,  0.99;  0.01;  0.20; LOST  -0.25"; 
1292057624; 11768; " 11768,  0.99;  0.01;  0.20; LOST  -0.10"; 
1292057629; 11769; " 11769,  0.99;  0.01;  0.20; LOST  -0.85"; 
1292058011; 11870; " 11870,  0.99;  0.01;  0.20; WON   0.10"; 
1292058014; 11871; " 11871,  0.99;  0.01;  0.20; LOST  -0.25"; 
1292058019; 11872; " 11872,  0.99;  0.01;  0.20; LOST  -1.00"; 
1292058023; 11873; " 11873,  0.99;  0.01;  0.20; LOST  -0.10"; 
1292058026; 11874; " 11874,  0.99;  0.01;  0.20; LOST  -0.25"; 
1292058034; 11875; " 11875,  0.99;  0.01;  0.20; LOST  -1.00"; 
1292058038; 11876; " 11876,  0.99;  0.01;  0.20; LOST  -0.70"; 
1292058042; 11877; " 11877,  0.99;  0.01;  0.20; WON   0.10"; 
1292058045; 11878; " 11878,  0.99;  0.01;  0.20; LOST  -0.10"; 
1292058049; 11879; " 11879,  0.99;  0.01;  0.20; LOST  -0.40"; 
1292058441; 11980; " 11980,  0.99;  0.01;  0.20; LOST   0.00"; 
1292058444; 11981; " 11981,  0.99;  0.01;  0.20; LOST  -0.55"; 
1292058448; 11982; " 11982,  0.99;  0.01;  0.20; LOST  -0.70"; 
1292058451; 11983; " 11983,  0.99;  0.01;  0.20; WON   0.10"; 
1292058455; 11984; " 11984,  0.99;  0.01;  0.20; WON   0.10"; 
1292058459; 11985; " 11985,  0.99;  0.01;  0.20; LOST  -1.00"; 
1292058463; 11986; " 11986,  0.99;  0.01;  0.20; WON   0.10"; 
1292058466; 11987; " 11987,  0.99;  0.01;  0.20; WON   0.10"; 
1292058470; 11988; " 11988,  0.99;  0.01;  0.20; LOST  -0.10"; 
1292058473; 11989; " 11989,  0.99;  0.01;  0.20; LOST  -0.40"; 
1292058863; 12090; " 12090,  0.99;  0.01;  0.20; LOST  -0.55"; 
1292058866; 12091; " 12091,  0.99;  0.01;  0.20; WON   0.10"; 
1292058872; 12092; " 12092,  0.99;  0.01;  0.20; LOST  -0.85"; 
1292058876; 12093; " 12093,  0.99;  0.01;  0.20; LOST  -0.10"; 
1292058879; 12094; " 12094,  0.99;  0.01;  0.20; LOST  -0.10"; 
1292058883; 12095; " 12095,  0.99;  0.01;  0.20; LOST  -0.10"; 
1292058886; 12096; " 12096,  0.99;  0.01;  0.20; WON   0.10"; 
1292058891; 12097; " 12097,  0.99;  0.01;  0.20; LOST  -0.85"; 
1292058894; 12098; " 12098,  0.99;  0.01;  0.20; WON   0.10"; 
1292058899; 12099; " 12099,  0.99;  0.01;  0.20; LOST  -0.85"; 
1292059281; 12200; " 12200,  0.99;  0.01;  0.20; LOST   0.00"; 
1292059284; 12201; " 12201,  0.99;  0.01;  0.20; WON   0.10"; 
1292059289; 12202; " 12202,  0.99;  0.01;  0.20; LOST  -0.85"; 
1292059292; 12203; " 12203,  0.99;  0.01;  0.20; WON   0.10"; 
1292059296; 12204; " 12204,  0.99;  0.01;  0.20; LOST  -0.10"; 
1292059300; 12205; " 12205,  0.99;  0.01;  0.20; LOST  -0.25"; 
1292059303; 12206; " 12206,  0.99;  0.01;  0.20; LOST  -0.25"; 
1292059308; 12207; " 12207,  0.99;  0.01;  0.20; LOST  -0.85"; 
1292059312; 12208; " 12208,  0.99;  0.01;  0.20; LOST  -0.40"; 
1292059315; 12209; " 12209,  0.99;  0.01;  0.20; WON   0.10"; 
1292059686; 12310; " 12310,  0.99;  0.01;  0.20; LOST  -0.10"; 
1292059689; 12311; " 12311,  0.99;  0.01;  0.20; LOST  -0.40"; 
1292059693; 12312; " 12312,  0.99;  0.01;  0.20; LOST  -0.40"; 
1292059697; 12313; " 12313,  0.99;  0.01;  0.20; LOST  -0.40"; 
1292059700; 12314; " 12314,  0.99;  0.01;  0.20; LOST  -0.10"; 
1292059704; 12315; " 12315,  0.99;  0.01;  0.20; LOST  -0.10"; 
1292059707; 12316; " 12316,  0.99;  0.01;  0.20; LOST  -0.10"; 
1292059711; 12317; " 12317,  0.99;  0.01;  0.20; LOST  -0.25"; 
1292059716; 12318; " 12318,  0.99;  0.01;  0.20; LOST  -0.85"; 
1292059719; 12319; " 12319,  0.99;  0.01;  0.20; WON   0.10"; 
1292060104; 12420; " 12420,  0.99;  0.01;  0.20; LOST  -1.00"; 
1292060109; 12421; " 12421,  0.99;  0.01;  0.20; LOST  -0.85"; 
1292060113; 12422; " 12422,  0.99;  0.01;  0.20; LOST  -0.85"; 
1292060117; 12423; " 12423,  0.99;  0.01;  0.20; LOST  -0.10"; 
1292060120; 12424; " 12424,  0.99;  0.01;  0.20; LOST  -0.25"; 
1292060126; 12425; " 12425,  0.99;  0.01;  0.20; LOST  -0.85"; 
1292060129; 12426; " 12426,  0.99;  0.01;  0.20; LOST  -0.10"; 
1292060133; 12427; " 12427,  0.99;  0.01;  0.20; WON   0.10"; 
1292060136; 12428; " 12428,  0.99;  0.01;  0.20; WON   0.10"; 
1292060141; 12429; " 12429,  0.99;  0.01;  0.20; LOST  -0.85"; 
1292060525; 12530; " 12530,  0.99;  0.01;  0.20; LOST  -0.85"; 
1292060528; 12531; " 12531,  0.99;  0.01;  0.20; LOST  -0.10"; 
1292060533; 12532; " 12532,  0.99;  0.01;  0.20; LOST  -0.85"; 
1292060536; 12533; " 12533,  0.99;  0.01;  0.20; LOST  -0.25"; 
1292060541; 12534; " 12534,  0.99;  0.01;  0.20; LOST  -0.85"; 
1292060544; 12535; " 12535,  0.99;  0.01;  0.20; LOST  -0.55"; 
1292060550; 12536; " 12536,  0.99;  0.01;  0.20; LOST  -0.85"; 
1292060553; 12537; " 12537,  0.99;  0.01;  0.20; LOST  -0.10"; 
1292060556; 12538; " 12538,  0.99;  0.01;  0.20; LOST  -0.10"; 
1292060561; 12539; " 12539,  0.99;  0.01;  0.20; LOST  -0.85"; 
1292060946; 12640; " 12640,  0.99;  0.01;  0.20; WON   0.10"; 
1292060950; 12641; " 12641,  0.99;  0.01;  0.20; LOST  -0.10"; 
1292060953; 12642; " 12642,  0.99;  0.01;  0.20; LOST  -0.25"; 
1292060957; 12643; " 12643,  0.99;  0.01;  0.20; LOST  -0.10"; 
1292060960; 12644; " 12644,  0.99;  0.01;  0.20; WON   0.10"; 
1292060964; 12645; " 12645,  0.99;  0.01;  0.20; WON   0.10"; 
1292060968; 12646; " 12646,  0.99;  0.01;  0.20; LOST  -1.00"; 
1292060972; 12647; " 12647,  0.99;  0.01;  0.20; LOST  -0.10"; 
1292060975; 12648; " 12648,  0.99;  0.01;  0.20; LOST  -0.10"; 
1292060979; 12649; " 12649,  0.99;  0.01;  0.20; LOST  -0.10"; 
1292061362; 12750; " 12750,  0.99;  0.01;  0.20; WON   0.10"; 
1292061367; 12751; " 12751,  0.99;  0.01;  0.20; LOST  -0.85"; 
1292061370; 12752; " 12752,  0.99;  0.01;  0.20; LOST  -0.10"; 
1292061373; 12753; " 12753,  0.99;  0.01;  0.20; LOST  -0.10"; 
1292061377; 12754; " 12754,  0.99;  0.01;  0.20; LOST  -0.10"; 
1292061381; 12755; " 12755,  0.99;  0.01;  0.20; LOST  -0.10"; 
1292061385; 12756; " 12756,  0.99;  0.01;  0.20; WON   0.10"; 
1292061388; 12757; " 12757,  0.99;  0.01;  0.20; WON   0.10"; 
1292061392; 12758; " 12758,  0.99;  0.01;  0.20; LOST  -0.10"; 
1292061395; 12759; " 12759,  0.99;  0.01;  0.20; WON   0.10"; 
1292061766; 12860; " 12860,  0.99;  0.01;  0.20; LOST  -0.55"; 
1292061769; 12861; " 12861,  0.99;  0.01;  0.20; LOST  -0.25"; 
1292061773; 12862; " 12862,  0.99;  0.01;  0.20; LOST  -0.10"; 
1292061776; 12863; " 12863,  0.99;  0.01;  0.20; LOST  -0.55"; 
1292061779; 12864; " 12864,  0.99;  0.01;  0.20; WON   0.10"; 
1292061783; 12865; " 12865,  0.99;  0.01;  0.20; LOST  -0.10"; 
1292061788; 12866; " 12866,  0.99;  0.01;  0.20; LOST  -0.85"; 
1292061791; 12867; " 12867,  0.99;  0.01;  0.20; LOST  -0.40"; 
1292061796; 12868; " 12868,  0.99;  0.01;  0.20; LOST  -0.85"; 
1292061800; 12869; " 12869,  0.99;  0.01;  0.20; WON   0.10"; 
1292062179; 12970; " 12970,  0.99;  0.01;  0.20; LOST  -0.10"; 
1292062182; 12971; " 12971,  0.99;  0.01;  0.20; LOST  -0.55"; 
1292062186; 12972; " 12972,  0.99;  0.01;  0.20; LOST  -0.10"; 
1292062190; 12973; " 12973,  0.99;  0.01;  0.20; LOST  -0.70"; 
1292062194; 12974; " 12974,  0.99;  0.01;  0.20; LOST  -0.55"; 
1292062198; 12975; " 12975,  0.99;  0.01;  0.20; LOST  -0.10"; 
1292062201; 12976; " 12976,  0.99;  0.01;  0.20; LOST  -0.25"; 
1292062205; 12977; " 12977,  0.99;  0.01;  0.20; WON   0.10"; 
1292062208; 12978; " 12978,  0.99;  0.01;  0.20; LOST  -0.10"; 
1292062212; 12979; " 12979,  0.99;  0.01;  0.20; LOST  -0.40"; 
1292062589; 13080; " 13080,  0.99;  0.01;  0.20; WON   0.10"; 
1292062594; 13081; " 13081,  0.99;  0.01;  0.20; LOST  -1.00"; 
1292062597; 13082; " 13082,  0.99;  0.01;  0.20; LOST  -0.55"; 
1292062601; 13083; " 13083,  0.99;  0.01;  0.20; LOST  -0.25"; 
1292062604; 13084; " 13084,  0.99;  0.01;  0.20; WON   0.10"; 
1292062607; 13085; " 13085,  0.99;  0.01;  0.20; LOST  -0.40"; 
1292062611; 13086; " 13086,  0.99;  0.01;  0.20; LOST   0.00"; 
1292062615; 13087; " 13087,  0.99;  0.01;  0.20; LOST  -0.55"; 
1292062618; 13088; " 13088,  0.99;  0.01;  0.20; LOST  -0.25"; 
1292062622; 13089; " 13089,  0.99;  0.01;  0.20; WON   0.10"; 
1292063006; 13190; " 13190,  0.99;  0.01;  0.20; LOST  -0.85"; 
1292063009; 13191; " 13191,  0.99;  0.01;  0.20; LOST  -0.55"; 
1292063013; 13192; " 13192,  0.99;  0.01;  0.20; LOST  -0.10"; 
1292063016; 13193; " 13193,  0.99;  0.01;  0.20; LOST  -0.25"; 
1292063020; 13194; " 13194,  0.99;  0.01;  0.20; LOST  -0.10"; 
1292063023; 13195; " 13195,  0.99;  0.01;  0.20; WON   0.10"; 
1292063027; 13196; " 13196,  0.99;  0.01;  0.20; LOST  -0.70"; 
1292063031; 13197; " 13197,  0.99;  0.01;  0.20; WON   0.10"; 
1292063035; 13198; " 13198,  0.99;  0.01;  0.20; LOST  -1.00"; 
1292063039; 13199; " 13199,  0.99;  0.01;  0.20; WON   0.10"; 
1292063413; 13300; " 13300,  0.99;  0.01;  0.20; LOST  -0.40"; 
1292063416; 13301; " 13301,  0.99;  0.01;  0.20; WON   0.10"; 
1292063420; 13302; " 13302,  0.99;  0.01;  0.20; WON   0.10"; 
1292063425; 13303; " 13303,  0.99;  0.01;  0.20; LOST  -0.85"; 
1292063428; 13304; " 13304,  0.99;  0.01;  0.20; LOST  -0.55"; 
1292063432; 13305; " 13305,  0.99;  0.01;  0.20; LOST  -0.25"; 
1292063436; 13306; " 13306,  0.99;  0.01;  0.20; LOST  -0.85"; 
1292063441; 13307; " 13307,  0.99;  0.01;  0.20; LOST  -0.85"; 
1292063445; 13308; " 13308,  0.99;  0.01;  0.20; LOST  -0.10"; 
1292063449; 13309; " 13309,  0.99;  0.01;  0.20; LOST  -1.00"; 
1292063844; 13410; " 13410,  0.99;  0.01;  0.20; WON   0.10"; 
1292063848; 13411; " 13411,  0.99;  0.01;  0.20; WON   0.10"; 
1292063852; 13412; " 13412,  0.99;  0.01;  0.20; LOST  -0.10"; 
1292063857; 13413; " 13413,  0.99;  0.01;  0.20; LOST  -1.00"; 
1292063860; 13414; " 13414,  0.99;  0.01;  0.20; WON   0.10"; 
1292063864; 13415; " 13415,  0.99;  0.01;  0.20; LOST  -0.25"; 
1292063867; 13416; " 13416,  0.99;  0.01;  0.20; LOST  -0.25"; 
1292063872; 13417; " 13417,  0.99;  0.01;  0.20; LOST  -0.40"; 
1292063876; 13418; " 13418,  0.99;  0.01;  0.20; LOST  -0.55"; 
1292063879; 13419; " 13419,  0.99;  0.01;  0.20; LOST  -0.55"; 
1292064268; 13520; " 13520,  0.99;  0.01;  0.20; LOST   0.00"; 
1292064272; 13521; " 13521,  0.99;  0.01;  0.20; LOST  -0.85"; 
1292064276; 13522; " 13522,  0.99;  0.01;  0.20; WON   0.10"; 
1292064279; 13523; " 13523,  0.99;  0.01;  0.20; LOST  -0.10"; 
1292064283; 13524; " 13524,  0.99;  0.01;  0.20; WON   0.10"; 
1292064286; 13525; " 13525,  0.99;  0.01;  0.20; LOST  -0.10"; 
1292064289; 13526; " 13526,  0.99;  0.01;  0.20; LOST  -0.55"; 
1292064293; 13527; " 13527,  0.99;  0.01;  0.20; WON   0.10"; 
1292064297; 13528; " 13528,  0.99;  0.01;  0.20; LOST  -0.10"; 
1292064301; 13529; " 13529,  0.99;  0.01;  0.20; LOST  -0.85"; 
1292064684; 13630; " 13630,  0.99;  0.01;  0.20; LOST  -0.10"; 
1292064688; 13631; " 13631,  0.99;  0.01;  0.20; LOST  -0.55"; 
1292064691; 13632; " 13632,  0.99;  0.01;  0.20; WON   0.10"; 
1292064695; 13633; " 13633,  0.99;  0.01;  0.20; WON   0.10"; 
1292064698; 13634; " 13634,  0.99;  0.01;  0.20; WON   0.10"; 
1292064702; 13635; " 13635,  0.99;  0.01;  0.20; LOST  -0.10"; 
1292064706; 13636; " 13636,  0.99;  0.01;  0.20; LOST  -0.25"; 
1292064710; 13637; " 13637,  0.99;  0.01;  0.20; LOST  -0.85"; 
1292064715; 13638; " 13638,  0.99;  0.01;  0.20; LOST  -1.00"; 
1292064719; 13639; " 13639,  0.99;  0.01;  0.20; LOST  -0.85"; 
1292065093; 13740; " 13740,  0.99;  0.01;  0.20; WON   0.10"; 
1292065097; 13741; " 13741,  0.99;  0.01;  0.20; LOST  -0.10"; 
1292065100; 13742; " 13742,  0.99;  0.01;  0.20; LOST  -0.25"; 
1292065104; 13743; " 13743,  0.99;  0.01;  0.20; LOST  -0.10"; 
1292065107; 13744; " 13744,  0.99;  0.01;  0.20; LOST  -0.10"; 
1292065111; 13745; " 13745,  0.99;  0.01;  0.20; LOST  -1.00"; 
1292065115; 13746; " 13746,  0.99;  0.01;  0.20; WON   0.10"; 
1292065118; 13747; " 13747,  0.99;  0.01;  0.20; LOST  -0.10"; 
1292065122; 13748; " 13748,  0.99;  0.01;  0.20; WON   0.10"; 
1292065125; 13749; " 13749,  0.99;  0.01;  0.20; LOST  -0.10"; 
1292065493; 13850; " 13850,  0.99;  0.01;  0.20; LOST  -0.10"; 
1292065497; 13851; " 13851,  0.99;  0.01;  0.20; LOST  -0.10"; 
1292065500; 13852; " 13852,  0.99;  0.01;  0.20; LOST  -0.40"; 
1292065503; 13853; " 13853,  0.99;  0.01;  0.20; WON   0.10"; 
1292065508; 13854; " 13854,  0.99;  0.01;  0.20; LOST  -1.00"; 
1292065512; 13855; " 13855,  0.99;  0.01;  0.20; LOST  -0.25"; 
1292065515; 13856; " 13856,  0.99;  0.01;  0.20; LOST  -0.25"; 
1292065519; 13857; " 13857,  0.99;  0.01;  0.20; LOST   0.00"; 
1292065522; 13858; " 13858,  0.99;  0.01;  0.20; LOST  -0.10"; 
1292065525; 13859; " 13859,  0.99;  0.01;  0.20; LOST  -0.10"; 
1292065899; 13960; " 13960,  0.99;  0.01;  0.20; LOST  -0.85"; 
1292065903; 13961; " 13961,  0.99;  0.01;  0.20; WON   0.10"; 
1292065906; 13962; " 13962,  0.99;  0.01;  0.20; LOST  -0.10"; 
1292065910; 13963; " 13963,  0.99;  0.01;  0.20; LOST  -0.10"; 
1292065913; 13964; " 13964,  0.99;  0.01;  0.20; LOST  -0.10"; 
1292065917; 13965; " 13965,  0.99;  0.01;  0.20; WON   0.10"; 
1292065920; 13966; " 13966,  0.99;  0.01;  0.20; LOST  -0.25"; 
1292065924; 13967; " 13967,  0.99;  0.01;  0.20; LOST  -0.55"; 
1292065927; 13968; " 13968,  0.99;  0.01;  0.20; WON   0.10"; 
1292065930; 13969; " 13969,  0.99;  0.01;  0.20; WON   0.10"; 
1292066312; 14070; " 14070,  0.99;  0.01;  0.20; LOST  -0.85"; 
1292066315; 14071; " 14071,  0.99;  0.01;  0.20; LOST  -0.55"; 
1292066319; 14072; " 14072,  0.99;  0.01;  0.20; LOST  -0.55"; 
1292066322; 14073; " 14073,  0.99;  0.01;  0.20; LOST  -0.25"; 
1292066326; 14074; " 14074,  0.99;  0.01;  0.20; LOST  -0.55"; 
1292066330; 14075; " 14075,  0.99;  0.01;  0.20; LOST  -0.10"; 
1292066333; 14076; " 14076,  0.99;  0.01;  0.20; WON   0.10"; 
1292066337; 14077; " 14077,  0.99;  0.01;  0.20; LOST  -0.25"; 
1292066340; 14078; " 14078,  0.99;  0.01;  0.20; WON   0.10"; 
1292066344; 14079; " 14079,  0.99;  0.01;  0.20; LOST  -0.25"; 
1292066713; 14180; " 14180,  0.99;  0.01;  0.20; WON   0.10"; 
1292066716; 14181; " 14181,  0.99;  0.01;  0.20; LOST  -0.10"; 
1292066720; 14182; " 14182,  0.99;  0.01;  0.20; LOST  -0.10"; 
1292066723; 14183; " 14183,  0.99;  0.01;  0.20; LOST  -0.55"; 
1292066727; 14184; " 14184,  0.99;  0.01;  0.20; LOST  -0.10"; 
1292066731; 14185; " 14185,  0.99;  0.01;  0.20; LOST  -0.85"; 
1292066735; 14186; " 14186,  0.99;  0.01;  0.20; LOST  -0.25"; 
1292066738; 14187; " 14187,  0.99;  0.01;  0.20; LOST  -0.25"; 
1292066742; 14188; " 14188,  0.99;  0.01;  0.20; WON   0.10"; 
1292066746; 14189; " 14189,  0.99;  0.01;  0.20; LOST  -0.85"; 
1292067117; 14290; " 14290,  0.99;  0.01;  0.20; LOST  -0.85"; 
1292067121; 14291; " 14291,  0.99;  0.01;  0.20; LOST  -0.10"; 
1292067125; 14292; " 14292,  0.99;  0.01;  0.20; LOST  -0.85"; 
1292067129; 14293; " 14293,  0.99;  0.01;  0.20; LOST   0.00"; 
1292067133; 14294; " 14294,  0.99;  0.01;  0.20; LOST  -0.40"; 
1292067138; 14295; " 14295,  0.99;  0.01;  0.20; LOST  -0.85"; 
1292067141; 14296; " 14296,  0.99;  0.01;  0.20; LOST  -0.10"; 
1292067146; 14297; " 14297,  0.99;  0.01;  0.20; LOST  -0.85"; 
1292067149; 14298; " 14298,  0.99;  0.01;  0.20; LOST  -0.40"; 
1292067153; 14299; " 14299,  0.99;  0.01;  0.20; WON   0.10"; 
1292067529; 14400; " 14400,  0.99;  0.01;  0.20; LOST  -0.85"; 
1292067533; 14401; " 14401,  0.99;  0.01;  0.20; LOST  -0.55"; 
1292067538; 14402; " 14402,  0.99;  0.01;  0.20; LOST  -0.85"; 
1292067541; 14403; " 14403,  0.99;  0.01;  0.20; LOST  -0.10"; 
1292067545; 14404; " 14404,  0.99;  0.01;  0.20; LOST  -0.25"; 
1292067548; 14405; " 14405,  0.99;  0.01;  0.20; LOST  -0.10"; 
1292067551; 14406; " 14406,  0.99;  0.01;  0.20; LOST  -0.25"; 
1292067555; 14407; " 14407,  0.99;  0.01;  0.20; WON   0.10"; 
1292067559; 14408; " 14408,  0.99;  0.01;  0.20; LOST  -1.00"; 
1292067563; 14409; " 14409,  0.99;  0.01;  0.20; LOST  -0.40"; 
1292067942; 14510; " 14510,  0.99;  0.01;  0.20; LOST  -0.70"; 
1292067946; 14511; " 14511,  0.99;  0.01;  0.20; LOST  -0.25"; 
1292067951; 14512; " 14512,  0.99;  0.01;  0.20; LOST  -0.85"; 
1292067954; 14513; " 14513,  0.99;  0.01;  0.20; WON   0.25"; 
1292067958; 14514; " 14514,  0.99;  0.01;  0.20; LOST  -0.25"; 
1292067961; 14515; " 14515,  0.99;  0.01;  0.20; LOST   0.00"; 
1292067965; 14516; " 14516,  0.99;  0.01;  0.20; LOST  -0.25"; 
1292067968; 14517; " 14517,  0.99;  0.01;  0.20; LOST  -0.10"; 
1292067971; 14518; " 14518,  0.99;  0.01;  0.20; LOST  -0.10"; 
1292067975; 14519; " 14519,  0.99;  0.01;  0.20; LOST  -0.10"; 
1292068358; 14620; " 14620,  0.99;  0.01;  0.20; LOST  -0.25"; 
1292068362; 14621; " 14621,  0.99;  0.01;  0.20; LOST  -0.40"; 
1292068365; 14622; " 14622,  0.99;  0.01;  0.20; LOST  -0.10"; 
1292068369; 14623; " 14623,  0.99;  0.01;  0.20; LOST  -0.10"; 
1292068372; 14624; " 14624,  0.99;  0.01;  0.20; LOST   0.00"; 
1292068377; 14625; " 14625,  0.99;  0.01;  0.20; LOST  -0.85"; 
1292068380; 14626; " 14626,  0.99;  0.01;  0.20; LOST  -0.10"; 
1292068384; 14627; " 14627,  0.99;  0.01;  0.20; LOST  -0.10"; 
1292068387; 14628; " 14628,  0.99;  0.01;  0.20; LOST  -0.10"; 
1292068392; 14629; " 14629,  0.99;  0.01;  0.20; LOST  -0.85"; 
1292068758; 14730; " 14730,  0.99;  0.01;  0.20; LOST  -0.55"; 
1292068762; 14731; " 14731,  0.99;  0.01;  0.20; LOST  -0.10"; 
1292068765; 14732; " 14732,  0.99;  0.01;  0.20; LOST  -0.10"; 
1292068770; 14733; " 14733,  0.99;  0.01;  0.20; LOST  -1.00"; 
1292068774; 14734; " 14734,  0.99;  0.01;  0.20; LOST  -0.10"; 
1292068777; 14735; " 14735,  0.99;  0.01;  0.20; LOST  -0.10"; 
1292068781; 14736; " 14736,  0.99;  0.01;  0.20; LOST  -0.70"; 
1292068785; 14737; " 14737,  0.99;  0.01;  0.20; LOST  -0.55"; 
1292068789; 14738; " 14738,  0.99;  0.01;  0.20; LOST  -0.85"; 
1292068793; 14739; " 14739,  0.99;  0.01;  0.20; LOST  -0.10"; 
1292069165; 14840; " 14840,  0.99;  0.01;  0.20; WON   0.10"; 
1292069169; 14841; " 14841,  0.99;  0.01;  0.20; LOST  -0.70"; 
1292069172; 14842; " 14842,  0.99;  0.01;  0.20; LOST  -0.25"; 
1292069175; 14843; " 14843,  0.99;  0.01;  0.20; LOST  -0.40"; 
1292069179; 14844; " 14844,  0.99;  0.01;  0.20; WON   0.10"; 
1292069183; 14845; " 14845,  0.99;  0.01;  0.20; LOST  -1.00"; 
1292069189; 14846; " 14846,  0.99;  0.01;  0.20; LOST  -0.85"; 
1292069194; 14847; " 14847,  0.99;  0.01;  0.20; LOST  -1.00"; 
1292069197; 14848; " 14848,  0.99;  0.01;  0.20; LOST  -0.70"; 
1292069202; 14849; " 14849,  0.99;  0.01;  0.20; LOST  -1.00"; 
1292077613; 14950; " 14950,  0.99;  0.01;  0.20; LOST  -1.00"; 
1292077617; 14951; " 14951,  0.99;  0.01;  0.20; WON   0.10"; 
1292077621; 14952; " 14952,  0.99;  0.01;  0.20; LOST  -0.40"; 
1292077625; 14953; " 14953,  0.99;  0.01;  0.20; LOST  -0.10"; 
1292077628; 14954; " 14954,  0.99;  0.01;  0.20; LOST  -0.25"; 
1292077632; 14955; " 14955,  0.99;  0.01;  0.20; LOST  -0.25"; 
1292077635; 14956; " 14956,  0.99;  0.01;  0.20; LOST  -0.40"; 
1292077640; 14957; " 14957,  0.99;  0.01;  0.20; LOST  -0.85"; 
1292077644; 14958; " 14958,  0.99;  0.01;  0.20; LOST  -0.55"; 
1292077648; 14959; " 14959,  0.99;  0.01;  0.20; WON   0.10"; 
1292078033; 15060; " 15060,  0.99;  0.01;  0.20; LOST  -0.10"; 
1292078037; 15061; " 15061,  0.99;  0.01;  0.20; LOST  -0.40"; 
1292078040; 15062; " 15062,  0.99;  0.01;  0.20; WON   0.10"; 
1292078043; 15063; " 15063,  0.99;  0.01;  0.20; WON   0.10"; 
1292078048; 15064; " 15064,  0.99;  0.01;  0.20; LOST  -0.25"; 
1292078051; 15065; " 15065,  0.99;  0.01;  0.20; LOST  -0.25"; 
1292078055; 15066; " 15066,  0.99;  0.01;  0.20; WON   0.25"; 
1292078060; 15067; " 15067,  0.99;  0.01;  0.20; LOST  -0.85"; 
1292078063; 15068; " 15068,  0.99;  0.01;  0.20; LOST  -0.10"; 
1292078068; 15069; " 15069,  0.99;  0.01;  0.20; LOST  -0.85"; 
1292078438; 15170; " 15170,  0.99;  0.01;  0.20; LOST  -0.40"; 
1292078441; 15171; " 15171,  0.99;  0.01;  0.20; WON   0.10"; 
1292078445; 15172; " 15172,  0.99;  0.01;  0.20; LOST  -0.85"; 
1292078449; 15173; " 15173,  0.99;  0.01;  0.20; LOST  -0.25"; 
1292078452; 15174; " 15174,  0.99;  0.01;  0.20; WON   0.10"; 
1292078457; 15175; " 15175,  0.99;  0.01;  0.20; LOST  -0.85"; 
1292078460; 15176; " 15176,  0.99;  0.01;  0.20; LOST  -0.25"; 
1292078464; 15177; " 15177,  0.99;  0.01;  0.20; LOST  -0.40"; 
1292078467; 15178; " 15178,  0.99;  0.01;  0.20; LOST  -0.40"; 
1292078470; 15179; " 15179,  0.99;  0.01;  0.20; LOST  -0.10"; 
1292078842; 15280; " 15280,  0.99;  0.01;  0.20; LOST  -0.10"; 
1292078845; 15281; " 15281,  0.99;  0.01;  0.20; LOST  -0.25"; 
1292078849; 15282; " 15282,  0.99;  0.01;  0.20; LOST  -0.10"; 
1292078852; 15283; " 15283,  0.99;  0.01;  0.20; LOST  -0.70"; 
1292078857; 15284; " 15284,  0.99;  0.01;  0.20; LOST  -1.00"; 
1292078860; 15285; " 15285,  0.99;  0.01;  0.20; WON   0.10"; 
1292078865; 15286; " 15286,  0.99;  0.01;  0.20; LOST  -1.00"; 
1292078868; 15287; " 15287,  0.99;  0.01;  0.20; LOST   0.00"; 
1292078872; 15288; " 15288,  0.99;  0.01;  0.20; LOST  -0.25"; 
1292078876; 15289; " 15289,  0.99;  0.01;  0.20; LOST  -1.00"; 
1292082544; 16270; " 16270,  0.99;  0.01;  0.20; LOST  -0.10"; 
1292082549; 16271; " 16271,  0.99;  0.01;  0.20; LOST  -0.25"; 
1292082552; 16272; " 16272,  0.99;  0.01;  0.20; WON   0.10"; 
1292082557; 16273; " 16273,  0.99;  0.01;  0.20; LOST  -0.85"; 
1292082561; 16274; " 16274,  0.99;  0.01;  0.20; LOST  -0.10"; 
1292082565; 16275; " 16275,  0.99;  0.01;  0.20; LOST  -0.10"; 
1292082569; 16276; " 16276,  0.99;  0.01;  0.20; WON   0.10"; 
1292082573; 16277; " 16277,  0.99;  0.01;  0.20; LOST  -0.85"; 
1292082578; 16278; " 16278,  0.99;  0.01;  0.20; LOST  -0.85"; 
1292082581; 16279; " 16279,  0.99;  0.01;  0.20; WON   0.10"; 
